"rebalance_date","Advertising Agencies","Aerospace & Defense","Agricultural Inputs","Airlines","Apparel Manufacturing","Apparel Retail","Asset Management","Auto & Truck Dealerships","Auto Manufacturers","Auto Parts","Banks - Diversified","Banks - Regional","Beverages - Brewers","Beverages - Non-Alcoholic","Beverages - Wineries & Distilleries","Biotechnology","Broadcasting","Building Materials","Building Products & Equipment","Business Equipment & Supplies","Capital Markets","Chemicals","Communication Equipment","Computer Hardware","Confectioners","Consulting Services","Consumer Electronics","Credit Services","Department Stores","Diagnostics & Research","Discount Stores","Drug Manufacturers - General","Drug Manufacturers - Specialty & Generic","Education & Training Services","Electrical Equipment & Parts","Electronic Components","Electronic Gaming & Multimedia","Engineering & Construction","Entertainment","Farm & Heavy Construction Machinery","Farm Products","Financial Data & Stock Exchanges","Footwear & Accessories","Furnishings, Fixtures & Appliances","Grocery Stores","Health Care Plans","Healthcare Plans","Home Improvement Retail","Household & Personal Products","Industrial Distribution","Information Technology Services","Insurance - Diversified","Insurance - Life","Insurance - Property & Casualty","Insurance - Specialty","Insurance Brokers","Integrated Freight & Logistics","Internet Content & Information","Internet Retail","Leisure","Lodging","Luxury Goods","Media - Diversified","Medical Care Facilities","Medical Devices","Medical Distribution","Medical Instruments & Supplies","Oil & Gas Drilling","Oil & Gas E&P","Oil & Gas Equipment & Services","Oil & Gas Integrated","Oil & Gas Midstream","Oil & Gas Refining & Marketing","Other Industrial Metals & Mining","Packaged Foods","Packaging & Containers","Paper & Paper Products","Personal Services","Pharmaceutical Retailers","Publishing","Railroads","REIT - Healthcare Facilities","REIT - Industrial","REIT - Mortgage","REIT - Office","REIT - Residential","REIT - Retail","REIT - Specialty","Rental & Leasing Services","Residential Construction","Resorts & Casinos","Restaurants","Scientific & Technical Instruments","Security & Protection Services","Semiconductor Equipment & Materials","Semiconductors","Software - Application","Software - Infrastructure","Specialty Business Services","Specialty Chemicals","Specialty Industrial Machinery","Specialty Retail","Staffing & Employment Services","Steel","Telecom Services","Thermal Coal","Tobacco","Tools & Accessories","Travel Services","Utilities - Diversified","Utilities - Regulated Electric","Utilities - Regulated Gas","Waste Management"
2000-01-31,3,7,NA,2,2,3,5,NA,2,4,4,21,2,3,2,8,4,2,2,3,5,8,6,12,NA,NA,2,6,5,6,6,6,NA,NA,2,3,NA,2,3,3,NA,NA,2,2,5,NA,4,NA,6,NA,6,2,6,7,2,2,NA,NA,NA,3,NA,NA,NA,3,6,2,3,NA,8,4,2,5,3,2,7,5,5,3,3,4,5,NA,NA,NA,NA,NA,NA,NA,2,3,2,4,NA,NA,4,9,9,3,NA,10,15,9,2,3,11,2,2,4,NA,7,16,4,2
2000-02-29,4,7,NA,2,2,3,5,NA,2,5,4,21,2,3,2,8,4,2,2,3,5,8,6,12,NA,NA,2,6,5,6,6,6,NA,NA,2,3,NA,2,3,3,NA,NA,2,2,5,NA,4,NA,6,NA,6,2,6,7,2,2,NA,NA,NA,3,NA,NA,NA,3,6,2,3,NA,8,4,2,4,3,2,7,5,5,3,3,4,5,NA,NA,NA,NA,NA,NA,NA,2,3,2,4,NA,NA,4,9,9,3,NA,10,15,9,2,3,11,2,2,4,NA,7,16,4,2
2000-03-31,5,7,NA,2,2,4,5,NA,2,5,4,23,2,3,2,8,4,2,2,3,5,8,7,12,NA,2,2,6,5,6,6,6,NA,NA,2,3,NA,2,3,3,NA,NA,2,2,5,NA,4,NA,6,NA,6,2,7,7,2,2,NA,NA,NA,3,NA,NA,NA,3,7,2,3,2,8,4,2,4,4,2,9,7,5,2,3,4,5,NA,NA,NA,NA,NA,NA,NA,2,3,2,4,NA,NA,4,10,10,3,NA,10,15,10,2,3,12,2,2,4,2,7,21,4,2
2000-04-28,5,7,NA,2,2,4,5,NA,2,5,4,23,2,3,2,7,4,2,2,3,4,8,7,12,NA,2,2,6,5,6,6,6,NA,NA,2,3,NA,2,3,3,NA,NA,2,2,6,NA,4,NA,6,NA,6,2,7,7,2,2,NA,NA,NA,3,NA,NA,NA,3,7,2,3,2,8,4,2,4,4,2,9,7,5,2,3,4,5,NA,NA,NA,NA,NA,NA,NA,2,3,2,4,NA,NA,4,11,11,3,NA,10,15,9,2,3,12,2,2,4,2,7,21,4,2
2000-05-31,5,7,NA,2,2,4,5,NA,2,5,4,23,2,3,2,7,3,2,2,3,4,8,8,12,NA,2,2,6,5,6,6,6,NA,NA,2,3,NA,2,3,3,NA,NA,2,2,6,NA,4,NA,6,NA,7,2,7,7,2,2,NA,NA,NA,3,NA,NA,NA,3,7,2,3,2,8,3,2,4,3,2,9,7,5,2,3,4,5,NA,NA,NA,NA,NA,NA,NA,2,3,2,4,NA,NA,4,13,12,3,NA,10,15,9,2,3,11,2,2,4,2,7,21,4,2
2000-06-30,5,7,NA,2,2,4,5,NA,2,5,4,24,2,3,2,7,3,2,2,3,4,8,8,11,NA,2,2,6,5,6,6,6,NA,NA,3,4,NA,2,3,3,NA,NA,2,2,6,NA,4,NA,6,NA,6,2,7,7,2,2,NA,NA,NA,3,NA,NA,NA,3,7,2,3,2,8,3,2,4,3,2,9,7,4,2,3,4,5,NA,NA,NA,NA,NA,NA,NA,2,3,2,5,NA,NA,4,14,13,3,NA,10,15,9,2,3,9,NA,2,4,2,7,20,4,2
2000-07-31,5,7,NA,2,2,4,5,NA,2,5,4,24,2,3,2,7,3,2,2,3,5,8,9,11,NA,2,2,7,5,6,6,6,NA,NA,3,4,NA,2,3,3,NA,NA,2,2,6,NA,4,NA,6,NA,6,2,7,7,2,2,NA,NA,NA,3,NA,NA,NA,3,7,2,3,2,7,3,2,4,3,2,9,7,4,2,2,4,4,NA,NA,NA,NA,NA,NA,NA,2,3,2,5,NA,NA,4,14,13,3,NA,10,15,9,2,3,9,NA,2,4,2,7,20,4,2
2000-08-31,5,7,NA,2,2,4,5,NA,2,5,4,24,2,3,2,7,3,2,2,3,5,8,9,11,NA,2,2,7,5,6,6,6,NA,NA,3,4,NA,2,3,3,NA,NA,2,2,6,NA,4,NA,6,NA,6,2,7,7,2,2,NA,NA,NA,3,NA,NA,NA,3,7,2,3,2,7,3,2,4,3,2,9,7,4,2,2,4,4,NA,NA,NA,NA,NA,NA,NA,2,3,2,5,NA,NA,4,14,13,3,NA,10,15,9,2,3,9,NA,2,4,2,7,20,5,2
2000-09-29,5,7,NA,2,2,4,5,NA,2,5,4,24,2,3,2,7,3,2,2,3,5,8,9,11,NA,2,2,7,5,7,6,6,NA,NA,3,4,NA,2,3,3,NA,NA,2,2,6,NA,4,NA,6,NA,6,2,7,7,2,2,NA,NA,NA,3,NA,NA,NA,3,7,2,3,2,7,3,2,4,3,2,9,7,4,2,2,4,4,NA,NA,NA,NA,NA,NA,NA,2,3,2,5,NA,NA,4,14,13,3,NA,10,15,9,2,3,9,NA,2,4,2,7,20,5,2
2000-10-31,3,7,NA,2,2,4,5,NA,2,5,4,24,2,3,2,8,3,NA,2,3,5,8,9,11,NA,2,2,7,5,6,6,6,NA,NA,3,4,NA,2,3,3,NA,NA,2,2,5,NA,4,NA,6,NA,6,2,7,7,2,2,NA,NA,NA,3,NA,NA,NA,3,7,2,3,3,8,3,2,4,3,2,8,7,4,2,2,4,4,NA,NA,NA,NA,NA,NA,NA,2,3,2,5,NA,NA,4,14,13,3,NA,10,15,9,2,3,9,NA,2,4,2,7,20,5,2
2000-11-30,3,7,NA,2,2,4,5,NA,2,5,4,24,2,3,2,10,3,NA,2,3,4,8,9,10,NA,2,2,7,5,6,6,6,NA,NA,4,4,NA,2,3,3,NA,NA,2,2,5,NA,4,NA,6,NA,6,2,7,7,2,2,NA,NA,NA,3,NA,NA,NA,3,7,2,3,3,9,3,2,3,3,2,8,7,3,2,2,4,4,NA,NA,NA,NA,NA,NA,NA,2,3,3,5,NA,NA,4,14,14,3,NA,10,15,9,2,3,9,NA,2,4,2,7,19,4,2
2000-12-29,3,7,NA,2,NA,4,5,NA,2,5,4,24,2,3,NA,10,3,NA,2,3,4,8,10,10,NA,2,2,6,5,6,6,6,NA,NA,4,4,NA,2,3,3,NA,NA,2,2,5,NA,4,NA,6,NA,6,2,7,7,3,2,NA,NA,NA,3,NA,NA,NA,3,8,2,3,3,9,3,2,4,3,2,7,6,3,2,2,4,4,NA,NA,NA,NA,NA,NA,NA,2,3,3,5,NA,NA,4,15,15,3,NA,9,15,9,3,2,9,NA,2,4,2,7,19,4,2
2001-01-31,3,7,NA,2,NA,4,5,NA,2,5,4,24,2,3,NA,10,3,NA,2,3,4,8,10,10,NA,2,2,6,5,6,6,6,NA,NA,4,4,NA,2,2,3,NA,NA,2,2,5,NA,4,NA,6,NA,6,2,7,7,3,2,NA,NA,NA,3,NA,NA,NA,3,8,2,3,3,9,3,2,4,3,2,7,6,3,2,2,4,4,NA,NA,NA,NA,NA,NA,NA,2,3,3,5,NA,NA,4,16,15,3,NA,9,15,9,3,2,9,NA,2,4,2,7,19,4,2
2001-02-28,3,7,NA,2,NA,4,5,NA,2,5,4,24,2,3,NA,10,4,NA,2,3,4,8,10,10,NA,2,2,6,5,6,6,6,NA,NA,4,5,NA,2,2,3,NA,NA,2,2,5,NA,4,NA,6,NA,6,2,7,7,3,2,NA,NA,NA,3,NA,NA,NA,3,8,2,3,3,9,3,2,3,3,2,7,6,3,2,2,4,4,NA,NA,NA,NA,NA,NA,NA,2,3,3,5,NA,NA,4,16,15,3,NA,8,15,9,3,2,9,NA,2,4,2,7,19,4,2
2001-03-30,3,7,NA,2,NA,4,5,NA,2,5,4,23,2,3,NA,10,4,NA,2,3,4,8,10,10,NA,2,2,6,5,6,6,6,NA,NA,4,5,NA,2,2,3,NA,NA,2,2,5,NA,4,NA,6,NA,6,2,7,7,3,2,NA,NA,NA,3,NA,NA,NA,3,8,2,3,3,9,3,2,3,3,2,7,6,3,2,2,4,4,NA,NA,NA,NA,NA,NA,NA,2,3,3,5,NA,NA,4,16,15,3,2,8,15,9,3,2,9,NA,2,4,2,7,19,4,2
2001-04-30,3,7,NA,2,NA,4,5,NA,2,5,4,23,2,3,NA,10,4,NA,2,3,4,8,10,10,NA,NA,2,6,5,6,6,6,NA,NA,4,5,NA,2,2,3,NA,NA,2,2,5,NA,4,NA,6,NA,6,2,7,7,3,2,NA,NA,NA,3,NA,NA,NA,3,8,2,3,3,9,3,2,3,3,2,7,6,3,2,2,4,4,NA,NA,NA,NA,NA,NA,NA,2,3,3,5,NA,NA,4,16,15,4,2,8,15,9,3,2,9,NA,2,4,2,7,19,4,2
2001-05-31,3,7,NA,2,NA,4,5,NA,2,5,4,22,2,3,NA,10,4,NA,2,3,4,8,10,10,NA,NA,2,6,5,6,6,6,NA,NA,4,5,NA,2,2,3,NA,NA,2,2,5,NA,4,NA,6,NA,7,2,7,7,3,2,NA,NA,NA,3,NA,NA,NA,3,8,2,3,3,9,3,2,3,3,2,7,6,3,2,2,4,4,NA,NA,NA,NA,NA,NA,NA,2,3,3,5,NA,NA,4,16,15,4,2,8,15,9,3,2,9,NA,2,4,2,7,19,4,2
2001-06-29,3,7,NA,2,NA,4,5,NA,2,5,4,23,2,3,2,9,4,NA,2,3,4,8,10,10,NA,NA,2,5,5,6,6,6,NA,NA,4,5,NA,2,2,3,NA,NA,2,2,5,NA,4,NA,6,NA,7,2,7,7,3,2,NA,NA,NA,3,NA,NA,NA,3,8,2,3,3,9,2,2,3,3,2,7,6,3,2,2,4,4,NA,NA,NA,NA,NA,NA,NA,2,3,3,5,NA,NA,4,16,15,4,2,8,15,9,4,2,9,NA,2,4,2,7,19,4,2
2001-07-31,3,7,NA,2,NA,4,5,NA,2,5,4,23,2,3,2,9,4,NA,2,3,4,8,10,10,NA,NA,2,5,5,6,6,6,NA,NA,4,5,NA,2,2,3,NA,NA,2,2,5,NA,4,NA,6,NA,7,2,7,7,3,2,NA,NA,NA,3,NA,NA,NA,3,8,2,3,3,9,2,2,3,3,2,7,6,3,2,NA,4,4,NA,NA,NA,NA,NA,NA,NA,2,3,3,5,NA,NA,4,16,15,4,2,8,15,9,4,2,9,NA,2,4,2,7,19,4,2
2001-08-31,3,7,NA,2,NA,4,5,NA,2,5,4,23,2,3,2,9,4,NA,2,3,4,8,9,10,NA,NA,2,5,5,6,7,6,NA,NA,4,5,NA,2,2,3,NA,NA,2,2,5,NA,4,NA,6,NA,7,2,7,7,3,2,NA,NA,NA,3,NA,NA,NA,3,8,2,3,3,9,2,2,3,3,2,7,6,3,2,NA,4,4,NA,NA,NA,NA,NA,NA,NA,2,3,3,5,NA,NA,4,17,15,4,2,8,15,9,4,2,9,NA,2,4,2,7,19,4,2
2001-09-28,3,7,NA,2,NA,4,5,NA,2,5,4,22,2,3,2,9,4,NA,2,3,4,8,10,10,NA,NA,2,5,5,6,7,6,NA,NA,4,5,NA,2,2,3,NA,NA,2,2,5,NA,4,NA,7,NA,7,2,6,8,3,2,NA,NA,NA,3,NA,NA,NA,3,8,3,3,3,9,2,2,3,3,2,7,6,3,2,NA,4,4,NA,NA,NA,NA,NA,NA,NA,2,3,3,5,NA,NA,4,17,14,4,2,8,15,9,4,2,9,NA,2,4,2,7,19,4,2
2001-10-31,3,7,NA,2,NA,4,5,NA,2,5,4,22,2,3,2,10,4,NA,2,3,4,8,10,10,NA,NA,2,5,5,6,7,6,NA,NA,4,5,NA,2,2,3,NA,NA,2,2,5,NA,4,NA,7,NA,7,2,6,8,3,2,NA,NA,NA,3,NA,NA,NA,3,8,3,3,3,9,2,2,3,2,2,7,6,3,2,NA,4,4,NA,NA,NA,NA,NA,NA,NA,2,3,3,5,NA,NA,4,17,14,4,2,8,15,9,4,2,9,NA,2,4,2,7,19,4,2
2001-11-30,3,7,NA,2,NA,4,5,NA,2,5,4,22,2,3,2,10,4,NA,2,3,4,8,10,10,NA,NA,2,5,5,6,7,6,NA,NA,4,5,NA,2,2,3,NA,NA,2,2,5,NA,4,NA,7,NA,7,2,6,8,3,2,NA,NA,NA,3,NA,NA,NA,4,8,3,3,3,9,2,2,3,NA,2,7,6,3,2,NA,4,4,NA,NA,NA,NA,NA,NA,NA,2,3,3,5,NA,NA,4,17,14,4,2,8,15,9,4,2,8,NA,2,4,2,7,19,4,2
2001-12-31,3,7,NA,2,NA,4,4,NA,2,5,4,22,2,3,2,11,4,NA,2,3,4,8,10,10,NA,NA,2,5,5,6,7,6,NA,NA,4,5,NA,2,2,3,NA,NA,2,2,5,NA,4,NA,7,NA,7,2,6,8,3,2,NA,NA,NA,3,NA,NA,NA,4,8,3,3,3,9,2,2,3,NA,2,6,6,3,NA,NA,4,4,NA,NA,NA,NA,NA,NA,NA,2,3,3,5,NA,NA,4,18,14,4,2,8,15,8,4,2,8,NA,2,4,2,7,19,4,2
2002-01-31,3,7,NA,2,NA,4,4,NA,2,5,4,22,2,3,2,11,4,NA,2,3,4,8,10,10,NA,NA,2,5,5,7,6,6,NA,NA,4,5,NA,2,2,3,NA,NA,2,2,5,NA,4,NA,7,NA,7,2,6,9,3,2,NA,NA,NA,3,NA,NA,NA,4,8,3,3,3,9,2,2,3,NA,2,6,6,2,NA,NA,4,4,NA,NA,NA,NA,NA,NA,NA,2,3,3,5,NA,NA,4,18,14,4,2,8,15,8,4,2,8,NA,2,4,2,7,19,4,2
2002-02-28,3,8,NA,2,NA,4,4,NA,2,5,4,22,2,3,2,11,4,NA,2,3,4,8,11,10,NA,NA,2,5,5,7,6,6,NA,NA,4,5,NA,2,2,3,NA,NA,2,2,5,NA,4,NA,7,NA,7,2,6,9,3,2,NA,NA,NA,3,NA,NA,NA,4,8,3,3,3,9,2,2,3,NA,2,6,6,2,NA,NA,4,4,NA,NA,NA,NA,NA,NA,NA,2,3,3,5,NA,NA,4,18,15,4,2,8,15,8,4,2,8,NA,2,4,2,7,19,5,2
2002-03-28,3,8,NA,2,NA,4,6,NA,2,5,4,22,2,3,2,11,4,NA,2,3,4,8,12,10,NA,NA,2,5,5,7,6,7,NA,NA,4,5,NA,3,2,3,NA,2,2,2,5,NA,5,NA,7,NA,7,2,8,9,3,2,NA,NA,NA,3,NA,NA,NA,4,9,3,3,3,10,3,2,3,NA,2,6,6,2,NA,NA,4,4,NA,NA,2,NA,NA,NA,NA,2,3,3,5,NA,NA,4,18,15,4,2,8,15,8,4,3,10,NA,2,4,2,7,19,5,2
2002-04-30,3,8,NA,2,NA,4,6,NA,2,6,4,23,2,3,2,11,4,NA,2,3,4,8,12,10,NA,NA,2,5,6,7,6,7,NA,NA,4,5,NA,3,2,3,NA,2,2,2,5,NA,5,2,7,NA,7,2,8,9,3,2,NA,NA,NA,3,NA,NA,NA,4,9,3,3,3,10,3,2,3,NA,2,6,6,NA,NA,NA,4,4,NA,NA,2,NA,NA,NA,NA,2,3,3,5,NA,NA,4,18,15,4,2,8,15,8,4,3,11,NA,2,4,2,7,21,5,2
2002-05-31,3,8,NA,2,NA,4,6,NA,2,6,4,24,2,3,2,11,4,NA,2,3,4,8,12,9,NA,NA,2,5,6,7,6,7,NA,NA,4,5,NA,3,2,3,NA,2,2,2,5,NA,5,2,7,NA,6,2,8,9,3,2,NA,NA,NA,3,NA,NA,NA,4,9,3,3,3,10,3,2,3,NA,2,6,6,NA,NA,NA,4,4,NA,NA,2,NA,NA,NA,NA,2,3,3,5,NA,NA,4,18,15,4,2,8,15,8,4,3,11,NA,2,4,2,7,21,5,2
2002-06-28,3,8,NA,2,NA,4,6,NA,2,6,4,24,2,3,2,11,4,NA,2,3,4,8,12,9,NA,NA,2,5,6,7,6,7,NA,NA,4,5,NA,3,2,3,NA,2,2,2,5,NA,5,2,7,NA,6,2,8,9,3,2,NA,NA,NA,3,NA,NA,NA,4,9,3,3,3,10,4,2,3,NA,2,6,6,NA,NA,NA,4,4,NA,NA,2,NA,NA,NA,NA,2,3,3,5,NA,NA,4,18,15,4,2,8,15,8,4,3,10,NA,2,4,2,7,21,5,2
2002-07-31,3,8,NA,2,NA,4,6,NA,2,6,4,25,2,3,2,10,4,NA,2,3,5,8,11,9,NA,NA,2,5,6,7,6,7,NA,NA,4,5,NA,3,2,3,NA,2,2,2,5,NA,5,2,7,NA,6,3,9,9,3,2,2,NA,NA,3,NA,NA,NA,4,9,3,3,3,10,4,2,3,NA,NA,6,6,NA,NA,NA,4,4,NA,NA,2,NA,NA,NA,NA,2,3,3,5,NA,NA,4,17,16,4,2,8,15,8,4,3,10,NA,2,4,2,7,21,5,2
2002-08-30,3,8,NA,2,NA,4,6,NA,2,6,4,25,2,3,2,10,4,NA,2,3,5,8,11,9,NA,NA,2,5,6,7,6,7,NA,NA,4,5,NA,3,2,3,NA,2,2,2,5,NA,6,2,7,NA,6,3,8,9,3,2,2,NA,NA,3,NA,NA,NA,4,9,3,3,3,10,4,2,3,NA,NA,6,6,NA,NA,NA,4,4,NA,NA,2,NA,NA,NA,NA,2,3,3,5,NA,NA,4,17,16,4,2,8,15,8,4,3,10,NA,2,4,2,7,21,5,2
2002-09-30,3,8,NA,2,NA,4,6,NA,2,6,4,25,2,3,2,10,4,NA,2,3,5,8,11,9,NA,NA,2,5,6,7,6,7,NA,NA,4,5,NA,3,2,3,NA,2,2,2,5,NA,6,2,7,NA,6,3,8,9,3,2,2,NA,NA,3,NA,NA,NA,4,9,3,3,3,10,4,2,3,NA,NA,6,6,NA,NA,NA,4,4,NA,NA,2,NA,NA,NA,NA,2,3,3,5,NA,NA,4,16,16,4,2,8,15,8,4,3,10,NA,2,4,2,7,21,5,2
2002-10-31,3,8,NA,2,NA,4,6,NA,2,6,4,25,2,3,2,10,4,NA,2,3,5,8,11,9,NA,NA,2,5,6,7,6,7,NA,NA,4,5,NA,3,2,3,NA,2,2,2,5,NA,6,2,7,NA,6,3,8,9,3,2,2,NA,NA,3,NA,NA,NA,4,9,3,3,3,10,4,2,3,NA,NA,6,6,NA,NA,NA,4,4,NA,NA,2,NA,NA,NA,NA,2,3,3,5,NA,NA,4,16,16,4,2,8,15,9,4,3,10,NA,2,4,2,7,21,5,2
2002-11-29,3,8,NA,2,NA,4,6,NA,2,6,4,24,2,3,2,10,4,NA,2,3,5,7,11,9,NA,NA,2,5,6,7,6,6,NA,NA,4,5,NA,3,2,3,NA,2,2,2,5,NA,6,2,7,NA,6,3,7,9,3,2,2,NA,NA,3,NA,NA,NA,4,9,3,3,3,10,4,2,3,NA,NA,6,6,NA,NA,NA,4,4,NA,NA,2,NA,NA,NA,NA,2,3,3,5,NA,NA,4,16,16,4,2,8,15,9,4,2,10,NA,2,4,2,7,21,5,2
2002-12-31,3,8,NA,2,NA,4,6,NA,2,5,4,24,2,3,2,10,4,NA,2,3,5,7,11,9,NA,NA,2,5,6,8,6,6,NA,NA,4,5,NA,3,2,3,NA,2,2,2,5,NA,6,2,7,NA,6,3,7,9,3,2,2,NA,NA,3,NA,NA,NA,4,9,3,3,3,10,4,2,3,NA,NA,6,6,NA,NA,NA,4,4,NA,NA,2,NA,NA,NA,NA,2,3,3,5,NA,NA,4,16,16,4,2,8,15,9,4,2,10,NA,2,4,2,7,21,5,2
2003-01-31,3,8,NA,2,NA,4,6,NA,2,5,4,24,2,3,2,10,4,NA,2,3,5,7,11,9,NA,NA,2,5,6,8,6,6,NA,NA,4,5,NA,3,2,3,NA,2,2,2,5,NA,6,2,7,NA,6,3,7,9,3,2,2,NA,NA,3,NA,NA,NA,4,9,3,3,3,10,4,2,3,NA,NA,6,6,NA,NA,NA,4,4,NA,NA,2,NA,NA,NA,NA,2,3,3,5,NA,NA,4,16,16,4,2,8,15,9,4,2,10,NA,2,4,2,7,21,5,2
2003-02-28,3,8,NA,2,NA,4,6,NA,2,5,4,24,2,3,2,10,4,NA,2,3,5,7,11,9,NA,NA,2,5,6,8,6,6,NA,NA,4,5,NA,3,2,3,NA,2,2,2,5,NA,6,2,7,NA,6,3,7,9,3,2,2,NA,NA,3,NA,NA,NA,4,9,3,3,3,10,4,2,3,NA,NA,6,6,NA,NA,NA,4,4,NA,NA,2,NA,NA,NA,NA,2,3,3,5,NA,NA,4,16,16,4,2,8,15,9,4,2,10,NA,2,4,2,7,21,5,2
2003-03-31,3,8,NA,2,NA,4,6,NA,2,5,4,25,2,3,2,10,4,NA,2,3,5,8,11,9,NA,NA,2,5,6,8,6,7,NA,NA,4,5,NA,3,2,3,NA,2,2,2,5,NA,6,2,7,NA,6,3,8,9,3,2,2,NA,NA,3,NA,NA,NA,3,9,3,3,4,10,4,2,3,NA,NA,7,6,NA,NA,NA,4,4,NA,NA,2,NA,2,NA,NA,2,3,3,5,NA,NA,4,16,15,4,2,8,15,9,4,3,10,NA,2,4,2,7,21,5,2
2003-04-30,3,8,NA,2,NA,4,6,NA,2,5,4,25,2,3,2,10,4,NA,2,3,5,8,11,9,NA,NA,2,5,6,8,6,7,NA,NA,4,5,NA,3,2,3,NA,2,2,2,5,NA,6,2,7,NA,6,3,8,9,3,2,2,NA,NA,3,NA,NA,NA,3,9,3,3,4,10,4,2,3,NA,NA,7,6,NA,NA,NA,4,4,NA,NA,2,NA,2,NA,NA,2,3,3,5,NA,NA,4,16,15,4,2,8,15,9,4,3,10,NA,2,4,2,7,21,5,2
2003-05-30,3,8,NA,2,NA,4,6,NA,2,5,4,25,2,3,2,10,4,NA,2,3,5,7,11,9,NA,NA,2,4,6,8,6,7,NA,NA,4,5,NA,3,2,3,NA,2,2,2,5,NA,6,2,7,NA,6,3,8,9,3,2,2,NA,NA,3,NA,NA,NA,2,9,3,3,4,10,4,2,3,NA,NA,7,6,NA,NA,NA,4,4,NA,NA,2,NA,2,NA,NA,2,3,3,5,NA,NA,4,16,15,4,2,8,15,9,4,3,10,NA,2,4,2,7,21,5,2
2003-06-30,3,8,NA,2,NA,4,6,NA,2,5,4,25,2,3,2,10,4,NA,2,3,5,7,11,9,NA,NA,2,4,6,8,6,7,NA,NA,4,5,NA,3,2,3,NA,2,2,2,5,NA,6,2,7,NA,6,3,8,9,3,2,2,NA,NA,3,NA,NA,NA,2,9,3,3,4,10,4,2,3,NA,NA,7,6,NA,NA,NA,4,4,NA,NA,2,NA,2,NA,NA,2,3,3,5,NA,NA,4,16,15,4,2,7,15,9,4,3,10,NA,2,4,2,7,21,5,2
2003-07-31,3,8,NA,2,NA,4,6,NA,2,5,4,25,2,3,2,10,4,NA,2,3,5,7,11,9,NA,NA,2,4,6,8,6,7,NA,NA,4,5,NA,3,2,3,NA,2,2,2,5,NA,6,2,7,NA,6,3,8,9,3,2,2,NA,NA,3,NA,NA,NA,2,9,3,3,4,10,4,2,3,NA,NA,7,6,NA,NA,NA,4,4,NA,NA,2,NA,2,NA,NA,2,3,3,5,NA,NA,4,16,15,4,2,7,15,9,4,3,10,NA,2,4,2,7,21,5,2
2003-08-29,3,8,NA,2,NA,4,6,NA,2,5,4,25,2,3,2,10,4,NA,2,3,5,8,11,9,NA,NA,2,4,6,8,6,7,NA,NA,4,5,NA,3,2,3,NA,2,2,2,5,NA,6,2,7,NA,6,3,8,8,3,2,2,NA,NA,3,NA,NA,NA,2,9,3,3,4,10,4,2,3,NA,NA,7,6,NA,NA,NA,4,4,NA,NA,2,NA,2,NA,NA,2,3,3,5,NA,NA,4,16,15,4,2,7,15,9,4,3,10,NA,2,4,2,7,20,5,2
2003-09-30,3,8,NA,2,NA,4,6,NA,2,5,4,25,2,3,2,9,4,NA,2,3,5,8,11,9,NA,NA,2,4,6,8,6,7,NA,NA,4,5,NA,3,2,3,NA,2,2,2,5,2,6,2,7,NA,6,3,8,8,3,2,2,NA,NA,3,NA,NA,NA,2,9,3,3,4,10,4,2,3,NA,NA,7,6,NA,NA,NA,4,4,NA,NA,2,NA,2,NA,NA,2,3,3,5,NA,NA,4,16,15,4,2,7,15,9,4,3,10,NA,2,4,2,7,20,5,2
2003-10-31,3,8,NA,2,NA,4,6,NA,2,5,4,25,2,3,2,9,4,NA,2,3,5,8,11,9,NA,NA,2,4,6,8,6,7,NA,NA,4,5,NA,3,2,3,NA,2,2,2,5,2,6,2,7,NA,6,3,8,8,3,2,2,NA,NA,3,NA,NA,NA,2,9,3,3,4,10,4,2,3,NA,NA,7,6,NA,NA,NA,4,4,NA,NA,2,NA,2,NA,NA,2,3,3,5,NA,NA,4,16,15,4,2,7,15,9,4,3,10,NA,2,4,2,7,20,5,2
2003-11-28,3,8,NA,2,NA,4,6,NA,2,5,4,25,2,3,2,9,4,NA,2,3,5,8,11,9,NA,NA,2,4,6,8,6,7,NA,NA,4,5,NA,3,2,3,NA,2,2,2,5,2,5,2,7,NA,6,3,8,8,3,2,2,NA,NA,3,NA,NA,NA,2,9,3,3,4,10,4,2,3,NA,NA,7,6,NA,NA,NA,4,4,NA,NA,2,NA,2,NA,NA,2,3,3,5,NA,NA,4,16,15,4,2,7,15,9,4,3,9,NA,2,4,2,7,20,5,2
2003-12-31,3,8,NA,2,NA,4,6,NA,2,5,4,25,2,3,2,8,4,NA,2,3,5,8,11,9,NA,NA,2,4,6,8,6,8,NA,NA,4,5,NA,3,2,3,NA,2,2,2,5,2,5,2,7,NA,6,3,8,8,3,2,2,NA,NA,3,NA,NA,NA,2,9,3,3,4,10,4,2,3,NA,NA,7,6,NA,NA,NA,4,4,NA,NA,2,NA,2,NA,NA,2,3,3,5,NA,NA,4,16,15,4,2,7,15,9,4,3,9,NA,2,4,2,7,19,5,2
2004-01-30,3,8,NA,2,NA,4,6,NA,2,5,4,25,2,3,2,8,4,NA,2,3,5,8,11,9,NA,NA,2,4,6,8,6,8,NA,NA,4,5,NA,3,2,3,NA,2,2,2,5,2,5,2,7,NA,6,3,8,8,3,2,2,NA,NA,3,NA,NA,NA,2,9,3,3,4,10,4,2,3,NA,NA,7,6,NA,NA,NA,4,4,NA,NA,2,NA,2,NA,NA,2,3,3,5,NA,NA,4,16,15,4,2,7,15,9,4,3,9,NA,2,4,2,7,19,5,2
2004-02-27,3,8,NA,2,NA,4,6,NA,2,5,4,25,2,3,2,8,4,NA,2,3,5,8,11,9,NA,NA,2,4,6,8,6,8,NA,NA,4,5,NA,3,2,3,NA,2,2,2,5,2,5,2,7,NA,6,3,8,8,3,2,2,NA,NA,3,NA,NA,NA,2,9,3,3,4,10,4,2,3,NA,NA,7,6,NA,NA,NA,4,4,NA,NA,2,NA,2,NA,NA,2,3,3,5,NA,NA,4,16,15,4,2,7,15,9,4,3,9,NA,2,4,2,7,19,5,2
2004-03-31,3,8,NA,2,NA,5,6,NA,2,5,4,27,2,3,2,8,4,NA,2,3,5,8,11,9,NA,NA,2,5,6,8,6,8,NA,NA,4,5,NA,3,2,3,NA,2,2,2,5,2,6,2,7,NA,6,3,8,9,3,2,2,NA,NA,3,NA,NA,NA,3,9,3,3,4,10,4,2,3,NA,NA,7,5,NA,NA,3,4,4,NA,NA,2,NA,2,NA,NA,2,3,3,5,NA,NA,4,16,15,3,2,7,15,9,4,3,10,NA,2,4,2,7,20,5,2
2004-04-30,3,8,NA,NA,NA,5,6,NA,2,5,4,26,2,3,2,8,4,NA,2,3,6,8,11,9,2,NA,2,5,6,8,6,8,NA,NA,4,5,NA,3,2,3,NA,2,2,2,5,2,6,2,7,NA,6,3,8,9,3,2,2,NA,NA,3,NA,NA,NA,3,9,3,3,4,10,4,2,3,NA,NA,7,5,NA,NA,3,4,4,NA,NA,2,NA,2,NA,NA,2,3,3,5,NA,NA,4,16,16,3,2,7,15,9,4,3,10,NA,2,4,2,7,20,5,2
2004-05-28,3,8,NA,NA,NA,5,6,NA,2,5,4,26,2,3,2,8,4,NA,2,3,6,8,11,9,NA,NA,2,5,6,8,6,8,NA,NA,4,5,NA,3,2,3,NA,2,2,2,5,2,5,2,7,NA,6,3,7,9,3,2,2,NA,NA,3,NA,NA,NA,3,9,3,3,4,10,4,2,3,2,NA,7,4,NA,NA,3,4,4,NA,NA,2,NA,2,NA,NA,2,3,3,5,NA,NA,4,16,16,3,2,7,15,9,4,3,10,NA,2,4,2,7,20,5,2
2004-06-30,3,8,NA,NA,NA,5,6,NA,2,5,4,26,2,3,2,8,4,NA,2,3,6,8,11,9,NA,NA,2,5,6,8,6,8,NA,NA,4,5,NA,3,2,3,NA,2,2,2,5,2,5,2,7,NA,6,3,7,9,3,2,2,NA,NA,3,NA,NA,NA,3,9,3,3,4,10,4,2,3,2,NA,7,4,NA,NA,3,4,4,NA,NA,2,NA,2,NA,NA,2,3,3,5,NA,NA,4,16,16,4,2,7,15,9,4,3,10,NA,2,4,2,7,20,5,2
2004-07-30,3,8,NA,NA,NA,5,6,NA,2,5,4,26,2,3,2,8,4,NA,2,3,6,8,11,9,NA,NA,2,5,6,8,6,8,NA,NA,4,5,NA,3,2,3,NA,2,2,2,5,2,5,2,7,NA,6,3,7,9,3,2,2,NA,NA,3,NA,NA,NA,3,9,3,3,4,10,4,2,3,2,NA,7,4,NA,NA,3,4,4,NA,NA,2,NA,2,NA,NA,2,3,3,5,NA,NA,4,16,16,4,2,7,15,9,4,3,10,NA,2,4,2,7,20,5,2
2004-08-31,3,8,NA,NA,NA,5,6,NA,2,5,4,25,2,3,2,8,4,NA,2,3,6,8,11,9,2,NA,2,5,6,8,6,9,NA,NA,4,5,NA,3,2,3,NA,2,2,2,5,2,6,2,7,NA,6,3,7,9,3,2,2,NA,NA,3,NA,NA,NA,3,9,3,3,4,10,4,2,3,2,NA,7,4,NA,NA,3,4,4,NA,NA,2,NA,2,NA,NA,2,3,3,5,NA,NA,4,16,16,4,2,7,14,9,4,3,10,NA,2,4,2,7,20,5,2
2004-09-30,3,8,NA,NA,NA,5,6,NA,2,5,4,24,2,3,2,8,4,NA,2,3,6,8,11,9,2,NA,2,5,6,8,6,9,NA,NA,3,5,NA,3,2,3,NA,2,2,2,5,2,6,2,7,NA,6,3,7,9,3,2,2,NA,NA,3,NA,2,NA,3,9,3,3,4,10,4,2,3,2,NA,7,4,NA,NA,3,4,4,NA,NA,2,NA,2,NA,NA,2,3,3,5,NA,NA,4,16,16,4,2,7,14,9,4,3,10,NA,2,4,2,7,20,5,2
2004-10-29,3,8,NA,NA,NA,5,6,NA,2,5,4,24,2,3,2,8,4,NA,2,3,6,8,11,9,2,NA,2,5,6,8,6,9,NA,NA,3,5,NA,3,2,3,NA,2,2,2,5,2,6,2,7,NA,6,3,7,9,3,2,2,NA,NA,3,NA,2,NA,3,9,3,3,4,10,4,2,3,2,NA,7,4,NA,NA,3,4,4,NA,NA,2,NA,2,NA,NA,2,3,3,5,NA,NA,4,16,16,4,2,7,14,9,4,3,10,NA,2,4,2,7,20,5,2
2004-11-30,3,8,NA,NA,NA,5,6,NA,2,5,4,24,2,3,2,8,4,NA,2,3,6,8,11,9,2,NA,2,6,6,8,6,9,NA,NA,3,5,NA,3,2,3,NA,2,2,2,5,2,6,2,7,NA,6,3,7,9,3,2,2,NA,NA,3,NA,2,NA,3,9,3,3,4,10,4,2,3,2,NA,7,4,NA,NA,3,4,4,NA,NA,2,NA,2,NA,NA,2,3,3,5,NA,NA,4,16,16,4,2,7,15,9,4,3,9,NA,2,4,2,7,20,5,2
2004-12-31,2,9,NA,NA,NA,5,6,NA,2,5,4,24,2,3,2,8,4,NA,2,3,6,8,11,9,2,NA,2,6,6,9,6,9,NA,NA,3,5,NA,3,2,3,NA,2,2,2,4,2,5,2,7,NA,6,3,7,9,3,2,2,NA,NA,3,NA,2,NA,3,9,3,3,4,11,4,2,3,2,NA,7,4,NA,NA,3,4,4,NA,NA,3,NA,2,NA,NA,2,3,3,5,NA,NA,4,16,15,4,2,7,14,9,4,2,9,NA,2,4,2,7,20,5,2
2005-01-31,2,9,NA,NA,NA,5,6,NA,2,5,4,24,2,3,2,8,4,NA,2,3,6,8,11,9,2,NA,2,6,6,9,6,9,NA,NA,3,5,NA,3,2,3,NA,2,2,2,4,2,5,2,7,NA,6,3,7,9,3,2,2,NA,NA,3,NA,2,NA,3,9,3,3,4,11,4,2,3,2,NA,7,4,NA,NA,3,4,4,NA,NA,3,NA,2,NA,NA,2,3,3,5,NA,NA,4,16,15,4,2,7,14,9,4,2,9,NA,2,4,2,7,20,5,2
2005-02-28,2,9,NA,2,NA,5,6,NA,2,5,4,24,2,3,2,8,4,NA,2,3,6,8,11,9,2,NA,2,6,6,9,6,9,NA,NA,3,5,NA,3,2,3,NA,2,2,2,4,2,5,2,7,NA,6,3,7,9,3,2,2,NA,NA,3,NA,2,NA,3,9,3,3,4,11,4,2,3,2,NA,7,4,NA,NA,3,4,4,NA,NA,3,NA,2,NA,NA,2,3,3,5,NA,NA,4,16,15,4,2,7,13,9,4,2,9,NA,2,4,2,7,20,5,2
2005-03-31,2,9,NA,2,NA,5,6,NA,2,5,4,24,2,3,2,9,4,NA,2,3,6,8,11,9,2,NA,2,6,5,9,6,9,NA,NA,2,5,NA,3,3,3,NA,2,2,2,4,2,5,2,7,NA,6,3,7,9,3,2,2,NA,NA,3,NA,2,NA,3,9,3,3,4,11,5,2,3,2,NA,7,5,2,NA,3,4,4,NA,NA,3,NA,2,NA,NA,2,3,3,5,NA,NA,4,17,15,4,2,7,13,9,4,2,9,NA,3,4,2,7,20,5,2
2005-04-29,2,9,NA,2,NA,5,6,NA,2,5,4,24,2,3,2,9,4,NA,2,3,6,8,11,9,2,NA,2,6,5,9,6,9,NA,NA,2,5,NA,3,3,3,NA,2,2,2,4,2,5,2,7,NA,6,3,7,9,3,2,2,NA,NA,3,NA,2,NA,3,9,3,3,4,11,5,2,3,2,NA,7,5,2,NA,3,4,4,NA,NA,3,NA,2,NA,NA,2,3,3,5,NA,NA,4,17,15,4,2,7,13,9,4,2,9,NA,3,4,2,7,20,5,2
2005-05-31,2,9,NA,2,NA,5,6,NA,2,5,4,24,2,3,2,9,4,NA,2,3,6,8,11,9,2,NA,2,6,5,9,6,9,NA,NA,2,5,NA,3,2,3,NA,2,2,2,4,2,5,2,7,NA,6,3,7,9,3,2,2,NA,NA,3,NA,2,NA,3,9,3,3,4,11,5,2,3,2,NA,7,5,NA,NA,3,4,4,NA,NA,3,NA,2,NA,NA,2,3,3,5,NA,NA,4,17,15,4,2,7,14,9,4,2,9,NA,2,4,2,7,20,5,2
2005-06-30,2,9,NA,2,NA,5,6,NA,2,5,4,24,2,3,2,9,4,NA,2,3,6,8,11,9,2,NA,2,6,5,9,6,9,NA,NA,2,5,NA,3,2,3,NA,2,2,2,4,2,5,2,7,NA,6,3,7,9,3,2,2,NA,NA,3,NA,2,NA,3,9,3,3,4,11,5,2,3,2,NA,7,5,NA,NA,3,4,4,NA,NA,3,NA,2,NA,NA,2,3,3,5,NA,NA,4,17,15,4,2,7,14,9,4,2,9,NA,2,4,2,7,20,5,2
2005-07-29,2,9,NA,2,NA,5,6,NA,2,5,4,24,2,3,3,9,4,NA,2,3,6,8,11,9,2,NA,2,6,5,9,6,9,NA,NA,2,5,NA,3,2,3,NA,2,2,2,4,2,5,2,7,NA,6,3,7,9,3,2,2,NA,NA,3,NA,2,NA,3,9,3,3,4,11,5,2,3,2,NA,7,5,NA,NA,3,4,4,NA,NA,3,NA,2,NA,NA,2,4,3,5,NA,NA,4,17,14,4,2,6,14,9,4,2,9,NA,2,4,2,7,20,5,2
2005-08-31,2,9,NA,NA,NA,5,6,NA,2,5,4,24,2,3,3,9,4,NA,2,3,6,8,11,9,2,NA,2,6,5,9,6,9,NA,NA,2,5,NA,3,2,3,2,2,2,2,4,2,5,2,7,NA,6,3,7,9,3,2,2,NA,NA,3,NA,2,NA,3,9,3,3,4,12,5,2,3,2,NA,7,5,NA,NA,3,4,4,NA,2,3,NA,2,NA,NA,2,4,3,5,NA,NA,4,17,13,4,2,6,14,8,4,2,8,NA,3,4,2,7,20,5,2
2005-09-30,2,9,NA,NA,NA,5,6,NA,2,5,4,24,2,3,3,9,4,NA,2,3,6,8,11,9,2,NA,2,6,4,9,6,9,NA,NA,2,5,NA,3,2,3,2,2,2,2,4,2,6,2,7,NA,6,3,7,9,3,2,2,NA,NA,3,NA,2,2,3,9,3,3,4,12,5,2,3,2,NA,7,5,NA,NA,3,4,4,NA,2,3,NA,2,NA,NA,2,4,3,5,NA,NA,4,17,13,4,2,6,14,8,4,2,8,NA,3,4,2,7,20,5,2
2005-10-31,2,9,NA,NA,NA,5,6,NA,2,5,4,23,2,3,3,9,4,NA,2,3,6,8,11,9,2,NA,2,6,4,9,6,9,NA,NA,2,5,NA,3,2,3,2,2,2,2,4,2,6,2,7,NA,6,3,7,9,3,2,2,NA,NA,3,NA,2,2,3,9,3,3,4,12,5,2,3,2,NA,7,5,NA,NA,3,4,4,NA,2,3,NA,2,NA,NA,2,5,3,5,NA,NA,4,17,13,4,2,6,14,8,4,2,8,NA,3,3,2,7,20,5,2
2005-11-30,2,9,NA,NA,NA,5,6,NA,2,4,4,23,2,3,3,9,4,NA,2,3,6,8,11,9,2,NA,2,6,4,9,6,9,NA,NA,2,5,NA,3,3,3,2,2,2,2,4,2,6,2,7,NA,6,3,7,9,3,2,2,NA,NA,3,NA,2,2,3,9,4,3,4,12,5,2,3,2,NA,7,5,NA,NA,3,4,4,NA,2,3,NA,2,NA,NA,2,5,3,5,NA,NA,4,17,13,4,2,6,14,8,4,2,8,NA,3,3,2,7,20,5,2
2005-12-30,2,9,NA,NA,NA,5,6,NA,2,4,4,23,2,3,3,9,5,NA,2,3,6,8,11,9,2,NA,2,6,4,9,6,9,NA,NA,2,5,NA,3,3,3,2,2,2,2,4,2,6,2,7,NA,6,3,8,9,3,2,2,NA,2,3,NA,2,2,3,9,4,3,4,12,5,2,3,2,NA,7,5,NA,NA,3,4,4,NA,2,3,NA,2,NA,NA,2,5,3,5,NA,NA,4,17,13,4,2,6,14,8,4,2,7,NA,3,3,2,7,19,5,2
2006-01-31,2,9,NA,NA,NA,5,6,NA,2,3,4,22,2,3,3,9,5,NA,2,3,6,8,11,9,2,NA,2,6,4,9,6,9,NA,NA,2,5,NA,3,3,3,2,2,2,2,5,2,6,2,8,NA,6,3,8,9,3,2,2,NA,2,3,NA,2,2,3,9,4,3,4,12,5,2,3,2,NA,7,5,NA,NA,3,4,4,NA,2,3,NA,2,NA,NA,2,5,3,5,NA,NA,4,17,12,4,2,6,14,8,4,2,7,NA,3,3,2,7,19,5,2
2006-02-28,2,9,NA,NA,NA,5,6,NA,2,3,4,22,2,3,3,9,5,NA,2,3,6,8,11,9,2,NA,3,6,4,9,6,9,NA,NA,2,5,NA,3,3,3,2,2,NA,2,5,2,6,2,8,NA,6,3,8,9,3,2,2,NA,2,3,NA,2,2,3,9,4,3,4,12,5,2,3,2,NA,7,5,NA,NA,3,4,4,NA,2,3,NA,2,NA,NA,2,5,3,5,NA,NA,4,17,11,5,2,6,14,8,4,2,7,NA,3,3,2,7,19,5,2
2006-03-31,2,9,NA,NA,NA,5,6,NA,2,2,4,22,2,3,3,10,5,NA,2,3,6,8,10,9,2,NA,3,6,4,9,6,9,NA,NA,2,5,NA,3,3,3,2,2,NA,2,5,2,6,2,8,NA,6,3,8,9,3,2,2,NA,2,3,NA,2,2,3,9,4,3,4,12,5,2,3,2,NA,7,5,NA,NA,3,4,4,NA,2,3,NA,2,NA,NA,2,5,3,5,NA,NA,4,17,11,5,2,6,14,8,4,2,7,NA,3,3,2,7,19,5,2
2006-04-28,2,9,NA,NA,NA,5,6,NA,2,2,4,22,2,3,3,9,5,NA,2,3,6,8,10,10,2,NA,2,6,4,9,6,9,NA,NA,2,5,NA,3,3,3,2,2,NA,2,5,2,6,2,8,NA,6,3,7,9,3,2,2,2,2,3,NA,2,2,3,9,4,3,4,11,5,2,3,2,NA,7,5,NA,NA,3,4,4,NA,2,3,2,2,2,NA,2,5,3,5,NA,NA,4,17,11,5,2,6,14,8,4,2,7,NA,3,3,2,7,18,5,2
2006-05-31,2,9,NA,NA,NA,5,7,NA,2,2,4,22,2,3,3,9,5,NA,2,3,6,8,10,10,2,NA,2,6,4,9,6,9,NA,NA,2,5,NA,3,3,3,2,2,NA,2,5,2,6,2,8,NA,6,3,7,9,3,2,2,2,2,3,NA,2,2,3,8,4,3,4,11,5,2,3,2,NA,7,5,2,NA,3,4,4,NA,2,3,2,2,2,NA,2,5,3,5,NA,NA,4,17,11,5,2,6,14,8,4,2,7,NA,3,3,2,7,18,5,2
2006-06-30,2,9,NA,NA,NA,5,7,NA,2,2,4,23,2,3,3,9,5,NA,2,3,6,7,11,10,2,NA,2,6,4,9,6,9,NA,NA,2,5,NA,3,3,3,2,2,NA,2,4,2,6,2,8,NA,6,3,7,9,3,2,2,2,2,3,NA,2,2,3,8,4,3,4,12,5,2,3,2,NA,7,5,2,NA,3,3,4,NA,2,3,2,2,2,NA,2,5,3,5,NA,NA,4,16,11,5,2,6,14,8,4,2,7,NA,3,3,2,7,18,5,2
2006-07-31,2,9,NA,NA,NA,5,7,NA,2,NA,4,23,2,3,3,9,5,NA,2,3,6,7,11,10,2,NA,2,6,4,9,6,9,NA,NA,2,5,NA,3,3,3,2,2,NA,2,4,2,6,2,8,NA,6,3,7,9,3,2,2,2,2,3,NA,2,2,3,8,4,3,4,12,5,2,3,2,NA,7,5,2,NA,3,3,4,NA,2,3,2,2,2,NA,2,5,3,5,NA,NA,4,16,11,5,2,6,14,8,4,2,8,NA,3,3,2,7,18,5,2
2006-08-31,2,9,NA,NA,NA,5,7,NA,2,NA,4,23,2,3,3,9,5,NA,2,3,6,7,11,9,2,NA,2,6,4,9,6,9,NA,NA,2,5,NA,3,3,3,2,2,NA,2,4,2,6,2,8,NA,6,3,7,9,3,2,2,2,2,3,NA,2,2,3,8,4,3,4,12,5,2,3,2,NA,7,5,2,NA,3,3,4,NA,2,3,2,2,2,NA,NA,5,3,5,NA,NA,4,16,11,5,2,6,14,8,4,2,8,NA,3,3,2,7,18,5,2
2006-09-29,2,9,NA,NA,NA,5,7,NA,2,NA,4,23,2,3,3,9,5,NA,2,3,6,7,11,9,2,NA,2,6,4,9,6,9,NA,NA,2,5,NA,3,3,3,2,2,NA,2,4,2,6,2,8,NA,6,3,7,9,3,2,2,2,2,3,NA,2,2,3,8,4,3,4,12,5,2,3,2,NA,7,5,2,NA,3,3,4,NA,2,3,2,2,2,NA,NA,5,3,5,NA,NA,4,16,11,5,2,6,14,8,4,2,8,NA,3,3,2,7,18,5,2
2006-10-31,2,9,NA,NA,NA,5,7,NA,2,NA,4,23,2,3,3,9,5,NA,2,3,6,7,11,9,2,NA,2,6,4,9,6,9,NA,NA,2,5,NA,3,3,3,2,3,NA,2,4,2,6,2,9,NA,6,3,7,9,3,2,2,2,2,3,NA,2,2,3,8,4,3,4,11,5,2,3,2,NA,7,5,2,NA,3,3,4,NA,2,3,2,2,2,NA,NA,5,3,5,NA,NA,4,16,11,5,2,6,14,8,4,2,8,NA,3,3,2,7,18,5,2
2006-11-30,2,9,NA,NA,NA,5,7,NA,2,NA,4,21,2,3,3,9,5,NA,NA,3,6,7,11,9,2,NA,2,6,4,9,6,10,NA,NA,NA,5,NA,3,3,3,2,3,NA,2,4,2,6,2,8,NA,8,3,7,9,3,2,2,2,2,3,NA,2,2,3,8,4,3,4,11,5,2,3,2,NA,7,5,2,NA,3,3,4,NA,2,3,2,2,2,NA,NA,5,3,5,NA,NA,4,16,11,5,2,6,14,8,4,2,8,NA,3,3,2,7,18,5,2
2006-12-29,2,9,NA,NA,NA,5,7,NA,2,NA,4,20,2,3,3,9,5,NA,NA,3,6,7,10,9,2,NA,2,6,4,9,6,10,NA,NA,NA,5,NA,3,3,4,2,3,NA,2,4,2,6,2,8,NA,8,3,7,9,3,2,2,2,2,3,NA,2,2,3,8,4,3,4,11,5,2,4,2,NA,7,5,2,NA,3,3,4,NA,2,3,2,2,2,NA,NA,5,3,5,NA,NA,4,15,11,5,2,6,14,8,4,2,9,NA,3,3,2,7,18,5,2
2007-01-31,2,9,NA,NA,NA,5,7,NA,2,NA,4,20,2,3,3,9,5,NA,NA,3,6,7,10,9,2,NA,2,6,4,9,6,10,NA,NA,NA,5,NA,3,3,4,2,3,NA,2,4,2,6,2,8,NA,8,3,7,9,3,2,2,2,2,3,NA,2,2,3,8,4,3,5,11,5,2,4,2,NA,7,5,2,NA,3,3,4,NA,2,3,2,2,2,NA,NA,5,3,5,NA,NA,4,15,10,5,2,6,14,8,4,2,8,NA,3,3,2,7,18,5,2
2007-02-28,2,9,NA,NA,2,5,7,NA,2,NA,4,21,2,3,3,9,5,NA,NA,3,6,7,9,8,2,NA,2,6,4,9,6,10,NA,NA,NA,5,NA,3,3,4,2,3,NA,2,4,2,6,2,8,NA,8,3,7,9,3,2,2,2,2,3,NA,2,2,3,8,4,4,5,11,5,2,4,2,NA,7,5,2,NA,3,3,4,NA,2,2,2,3,2,NA,NA,5,3,5,NA,NA,4,15,10,5,2,6,14,8,4,2,8,NA,3,3,2,7,18,5,2
2007-03-30,2,9,NA,NA,2,6,7,NA,2,NA,4,21,2,3,3,9,4,NA,NA,3,6,7,9,8,2,NA,2,6,4,9,6,10,NA,NA,NA,5,NA,3,3,4,2,3,NA,2,4,2,6,2,8,NA,8,3,7,9,3,2,3,2,2,3,NA,2,2,2,8,4,4,5,11,5,2,4,2,NA,7,5,2,NA,2,3,4,NA,2,2,2,3,3,NA,NA,5,3,5,NA,NA,4,15,10,5,2,6,14,8,4,2,8,NA,3,3,2,7,19,4,2
2007-04-30,2,9,NA,NA,2,6,7,NA,2,NA,4,21,2,3,3,9,4,NA,NA,3,6,7,9,8,3,NA,2,6,4,9,6,10,NA,NA,NA,5,NA,3,3,4,2,3,NA,2,4,2,6,2,8,NA,8,3,7,9,3,2,3,2,2,3,NA,2,2,2,8,4,4,5,11,5,2,4,2,NA,7,5,2,NA,2,3,4,NA,2,2,2,3,3,NA,NA,5,3,5,NA,NA,4,15,10,5,2,6,14,8,4,2,8,NA,3,3,NA,7,19,4,2
2007-05-31,2,9,NA,NA,2,6,7,NA,2,NA,4,21,2,3,3,9,4,NA,NA,3,6,7,9,8,3,NA,2,6,4,9,6,10,NA,NA,NA,5,NA,3,3,4,2,3,NA,2,4,2,6,2,8,NA,8,3,7,9,4,2,3,2,2,3,NA,2,2,2,8,4,4,5,11,5,2,4,2,NA,7,5,2,NA,2,3,4,NA,2,2,2,3,3,NA,NA,5,3,5,NA,NA,4,15,10,5,2,6,14,8,4,2,8,NA,3,3,NA,7,19,4,2
2007-06-29,2,10,NA,NA,2,6,7,NA,2,NA,4,21,2,3,3,8,4,NA,NA,3,6,7,9,8,3,NA,2,6,4,9,6,10,NA,NA,NA,5,NA,3,3,4,2,3,NA,2,4,2,6,2,8,NA,8,3,7,9,4,2,3,2,2,3,NA,2,2,2,8,4,4,5,11,5,2,3,2,NA,7,5,2,NA,2,3,4,NA,2,2,2,3,3,NA,NA,5,3,5,NA,NA,4,16,10,5,2,6,14,8,4,2,8,NA,3,3,NA,7,19,4,2
2007-07-31,2,10,NA,NA,2,6,8,NA,2,NA,4,20,2,3,3,8,4,NA,NA,3,6,7,9,8,3,NA,2,6,4,9,5,10,NA,NA,NA,4,NA,3,3,4,2,3,NA,2,4,2,6,2,8,NA,8,3,7,9,4,2,3,2,2,3,NA,2,2,2,8,4,4,5,11,5,2,3,2,NA,7,5,2,NA,2,3,4,NA,2,2,2,3,4,NA,NA,5,3,5,NA,NA,4,15,10,5,2,6,14,8,4,2,8,NA,3,3,NA,7,19,4,2
2007-08-31,2,10,NA,NA,2,6,8,NA,2,NA,4,20,2,3,3,8,4,NA,NA,3,6,7,9,8,3,NA,2,6,4,9,5,10,NA,NA,NA,4,NA,3,3,4,2,3,NA,2,4,2,6,2,8,NA,8,3,7,9,4,2,3,2,2,3,NA,2,2,2,7,4,4,5,11,5,2,3,2,NA,7,5,2,NA,2,3,4,NA,2,2,2,3,4,NA,NA,5,3,5,NA,NA,4,15,10,6,2,6,14,8,4,2,8,NA,3,3,NA,7,19,4,2
2007-09-28,2,10,NA,NA,2,6,8,NA,2,NA,4,19,2,3,3,8,4,NA,NA,3,6,7,9,8,3,NA,2,6,4,9,5,10,NA,NA,NA,4,NA,3,3,4,2,3,NA,2,4,2,6,2,8,NA,8,3,7,9,4,2,3,2,2,3,NA,2,2,2,7,4,4,5,11,5,2,3,2,NA,7,5,2,NA,2,3,4,NA,2,2,2,3,4,NA,NA,5,3,5,NA,NA,4,16,9,6,2,6,14,8,4,2,8,NA,3,3,NA,7,19,3,2
2007-10-31,2,10,NA,NA,2,6,8,NA,2,NA,4,19,2,3,3,8,4,NA,NA,3,6,7,8,8,3,NA,2,6,4,9,5,10,NA,NA,NA,3,NA,3,3,4,2,3,NA,2,4,2,6,2,8,NA,7,3,7,9,4,2,4,2,2,3,NA,2,2,2,7,4,4,5,12,5,2,3,3,NA,7,5,2,NA,2,3,4,NA,2,NA,2,3,4,NA,NA,5,2,5,NA,NA,4,15,9,6,2,6,14,8,4,2,8,NA,3,3,2,7,18,3,2
2007-11-30,2,10,NA,NA,2,6,8,NA,2,NA,4,19,2,3,3,8,4,NA,NA,3,6,7,7,8,3,NA,2,6,4,9,5,10,NA,NA,NA,3,NA,3,3,5,2,3,NA,2,4,2,6,2,8,NA,7,3,7,9,4,2,4,2,2,3,NA,2,2,NA,7,4,3,5,12,5,2,3,3,NA,7,5,2,NA,2,3,4,NA,2,NA,2,3,4,NA,NA,5,2,5,NA,NA,4,15,9,6,2,6,14,8,4,2,8,NA,3,3,2,7,19,3,2
2007-12-31,2,10,NA,NA,2,6,8,NA,2,NA,4,19,2,3,3,8,3,NA,NA,3,6,7,7,8,3,NA,2,6,4,9,5,10,NA,NA,NA,3,NA,3,3,5,2,3,NA,2,4,2,6,2,8,NA,7,3,7,9,4,2,4,2,2,3,NA,2,2,NA,7,4,3,5,13,5,2,3,3,NA,7,5,2,NA,2,2,4,NA,2,NA,2,3,4,2,NA,5,2,5,NA,NA,4,15,9,6,2,6,14,9,4,2,7,NA,3,3,2,7,19,3,2
2008-01-31,2,10,NA,NA,2,6,8,NA,2,NA,4,18,2,3,3,8,3,NA,NA,3,6,7,7,8,3,NA,2,7,4,9,5,10,NA,2,NA,3,NA,3,3,5,2,3,NA,2,4,2,6,2,8,NA,7,3,7,9,4,2,4,2,2,3,NA,2,2,NA,7,4,3,5,13,5,2,3,3,NA,7,5,NA,NA,2,2,4,NA,2,NA,2,3,4,2,NA,5,2,5,NA,NA,4,15,9,6,2,6,14,9,4,2,7,NA,3,3,2,7,19,3,2
2008-02-29,2,10,NA,NA,2,6,9,NA,2,NA,4,18,2,3,3,8,3,NA,NA,3,6,7,7,8,3,NA,2,9,4,9,5,10,NA,2,NA,3,NA,3,4,5,2,4,NA,2,4,2,6,2,8,NA,7,3,7,9,4,2,4,2,2,3,NA,2,2,NA,7,4,3,5,13,5,2,4,3,NA,7,5,NA,NA,2,2,4,NA,2,NA,2,3,4,2,NA,5,2,5,NA,NA,4,15,9,6,2,6,14,9,4,2,8,NA,3,3,2,7,19,3,2
2008-03-31,2,10,NA,NA,2,6,10,NA,2,NA,4,18,2,3,3,8,3,NA,NA,3,6,7,7,8,3,NA,2,9,4,9,5,10,NA,2,NA,3,NA,3,4,5,2,4,NA,2,4,2,6,2,8,NA,8,3,7,9,4,2,4,2,2,3,NA,2,2,NA,7,4,3,5,13,6,2,4,3,NA,7,5,NA,NA,2,2,4,NA,2,NA,2,3,4,2,NA,5,NA,5,NA,NA,4,15,9,6,2,6,14,9,4,2,8,NA,3,3,2,7,19,3,2
2008-04-30,2,10,NA,NA,2,6,10,NA,2,NA,4,18,2,3,3,8,3,NA,NA,3,6,7,7,8,3,NA,2,9,4,9,5,10,NA,2,NA,3,NA,3,4,5,2,4,NA,2,4,2,6,2,8,NA,8,3,7,9,4,2,4,2,2,3,NA,2,2,NA,7,4,3,5,13,6,2,4,3,NA,7,5,NA,NA,2,2,4,NA,2,NA,2,3,4,2,NA,5,NA,5,NA,NA,4,15,9,6,2,6,14,9,4,2,8,NA,3,3,2,7,19,3,2
2008-05-30,2,10,NA,NA,2,6,10,NA,2,NA,4,18,2,3,3,8,3,NA,NA,3,6,7,7,8,3,NA,2,9,4,9,5,10,NA,2,NA,4,NA,3,4,5,2,4,NA,2,4,2,6,2,8,NA,8,3,7,9,4,2,4,2,2,3,NA,2,2,NA,8,4,3,5,13,6,2,4,3,NA,7,5,NA,NA,2,2,4,NA,2,NA,2,3,4,2,NA,5,NA,5,NA,NA,4,15,9,6,2,6,14,9,4,2,8,NA,3,3,2,7,19,3,2
2008-06-30,2,10,NA,NA,2,6,10,NA,2,NA,4,17,2,3,3,8,3,NA,NA,2,5,7,7,8,3,NA,2,9,4,9,5,10,NA,2,NA,4,NA,3,4,5,2,4,NA,2,4,2,6,2,8,NA,8,3,7,9,3,2,4,2,2,2,NA,2,2,NA,8,4,4,5,15,6,2,4,3,NA,7,5,NA,NA,2,2,4,NA,2,NA,2,3,4,2,NA,5,NA,5,NA,NA,4,15,9,6,2,6,14,8,4,2,8,2,3,3,2,7,19,3,2
2008-07-31,2,10,NA,NA,2,6,10,NA,2,NA,4,16,2,3,3,8,2,NA,NA,2,5,7,7,8,3,NA,2,11,4,9,5,10,NA,2,NA,4,NA,3,4,5,2,4,NA,2,4,2,6,2,8,NA,8,3,7,8,3,2,4,2,2,2,NA,2,2,NA,8,4,4,5,15,6,2,4,3,NA,7,5,NA,NA,2,2,4,NA,2,NA,2,3,4,2,NA,5,NA,5,NA,NA,4,15,9,6,2,6,14,8,4,3,8,2,3,3,2,7,19,3,2
2008-08-29,2,10,NA,NA,2,6,11,NA,2,NA,4,16,2,3,3,8,NA,NA,NA,2,5,7,7,8,3,NA,2,10,4,9,5,10,NA,2,NA,4,NA,3,4,5,2,4,NA,2,4,2,6,2,8,NA,8,3,7,8,3,2,4,2,2,2,NA,2,2,2,8,4,4,5,15,6,2,4,3,NA,7,5,NA,NA,2,2,4,NA,2,NA,2,3,4,2,NA,5,NA,5,NA,NA,4,15,9,6,2,6,14,8,4,3,8,2,3,3,2,7,19,3,2
2008-09-30,2,11,2,NA,2,6,11,NA,2,NA,4,16,2,3,3,8,NA,NA,NA,2,5,7,7,8,3,NA,2,9,4,9,5,10,NA,2,NA,4,NA,3,4,5,2,4,NA,2,4,2,6,2,8,NA,8,3,7,7,3,2,4,NA,2,2,NA,2,2,2,8,4,4,5,16,6,2,4,3,NA,7,5,NA,NA,2,2,4,NA,2,NA,2,3,4,2,NA,5,NA,5,NA,NA,4,15,10,6,2,6,14,8,4,3,8,2,3,3,2,7,19,3,2
2008-10-31,2,11,2,NA,2,6,11,NA,2,NA,4,16,2,3,3,8,NA,NA,NA,2,5,7,7,8,2,NA,2,8,3,9,5,10,NA,2,NA,5,NA,3,4,5,2,5,NA,2,4,2,6,2,8,NA,8,3,7,7,3,2,4,NA,2,2,NA,2,2,2,8,4,4,5,16,6,2,4,3,NA,7,5,NA,NA,2,2,4,NA,2,NA,2,3,4,2,NA,5,NA,4,NA,NA,4,15,10,6,2,6,15,8,4,3,8,2,3,3,2,7,19,3,2
2008-11-28,2,11,2,NA,2,6,11,NA,2,NA,4,17,NA,3,3,9,NA,NA,NA,2,5,6,7,8,2,NA,2,8,3,9,5,10,NA,2,NA,5,NA,3,4,4,2,5,NA,2,4,2,6,2,8,NA,7,3,7,7,2,2,4,NA,2,2,NA,2,2,2,8,4,5,5,16,6,2,4,3,NA,8,5,NA,NA,2,2,4,NA,2,NA,2,3,3,2,NA,5,2,4,NA,NA,4,15,10,6,2,5,15,8,4,3,8,2,3,3,2,7,20,3,3
2008-12-31,2,11,2,NA,2,5,11,NA,2,NA,4,17,NA,3,3,9,NA,NA,NA,2,5,6,7,8,2,NA,2,8,3,8,5,10,NA,2,NA,5,NA,3,4,4,2,5,NA,2,4,2,6,2,8,NA,7,3,7,7,2,2,4,NA,2,2,NA,2,2,2,8,4,5,4,17,6,2,4,3,NA,8,5,NA,NA,2,2,4,NA,2,NA,2,3,3,2,NA,5,2,4,NA,NA,4,15,11,6,2,5,15,8,4,3,8,2,3,3,2,7,20,3,3
2009-01-30,2,11,2,NA,2,5,11,NA,2,NA,4,15,NA,3,3,9,NA,NA,NA,2,4,6,7,8,2,NA,2,8,3,8,5,10,NA,2,NA,5,NA,3,4,4,2,5,NA,2,4,2,6,2,8,NA,7,3,7,7,2,2,4,NA,2,2,NA,2,2,2,8,4,5,4,17,6,2,4,3,NA,8,6,NA,NA,2,2,4,NA,2,NA,2,3,3,3,NA,5,2,4,NA,NA,4,15,11,6,2,5,15,8,4,3,8,2,2,3,2,7,21,3,3
2009-02-27,2,11,2,NA,2,5,11,NA,2,NA,4,14,NA,3,3,9,NA,NA,NA,2,4,6,7,8,2,NA,2,8,3,8,5,10,NA,2,NA,5,NA,3,4,4,2,5,NA,2,4,2,6,2,8,2,7,3,7,7,2,2,4,NA,2,2,NA,2,2,2,8,4,5,4,17,6,2,4,3,NA,8,6,NA,NA,2,2,4,2,2,NA,2,3,3,3,NA,5,2,4,NA,NA,4,15,11,6,2,5,15,8,4,3,8,2,3,3,2,7,21,3,3
2009-03-31,2,11,2,NA,2,4,10,NA,2,NA,4,14,NA,4,3,9,NA,NA,NA,2,4,6,7,8,2,NA,2,8,3,8,5,10,NA,2,NA,5,NA,2,6,4,2,5,NA,2,4,2,6,2,8,2,7,3,7,7,2,2,4,NA,2,2,NA,2,2,2,8,4,5,3,17,6,2,4,3,NA,9,6,NA,NA,2,2,4,3,2,NA,2,3,2,3,NA,5,2,4,NA,NA,4,15,11,6,2,5,15,9,4,3,8,2,4,3,2,7,22,3,3
2009-04-30,2,11,2,NA,2,4,10,NA,2,NA,4,14,NA,4,3,9,NA,NA,NA,2,4,6,7,8,2,NA,2,8,3,8,5,10,NA,2,NA,5,NA,2,6,4,2,5,NA,2,4,2,6,2,8,2,7,3,7,7,2,2,4,NA,2,2,NA,2,2,2,8,4,5,3,17,6,2,4,3,NA,9,6,NA,NA,2,2,4,3,2,NA,2,3,2,3,NA,5,2,4,NA,NA,4,15,11,6,2,5,15,9,4,3,8,2,4,3,2,7,22,3,3
2009-05-29,2,11,2,NA,2,4,10,NA,2,NA,4,14,NA,4,3,9,NA,NA,NA,2,3,6,7,8,2,NA,2,8,3,8,5,10,NA,2,NA,5,NA,2,6,4,2,5,NA,2,4,2,6,2,8,2,7,3,7,7,2,2,4,NA,2,2,NA,2,2,2,8,4,5,3,17,6,2,4,3,NA,9,6,NA,NA,2,2,4,3,2,NA,2,3,2,3,NA,5,2,4,NA,NA,4,15,11,6,2,5,15,9,4,3,8,2,4,3,2,7,22,3,3
2009-06-30,2,11,2,NA,2,4,10,NA,NA,NA,4,14,NA,4,3,9,NA,NA,NA,2,3,5,7,8,2,NA,2,8,3,8,5,10,NA,3,NA,4,NA,2,6,4,2,5,NA,2,4,2,6,2,8,2,7,3,7,7,2,2,4,NA,2,2,NA,2,2,2,7,4,5,3,18,7,2,4,3,NA,9,6,NA,NA,2,2,4,3,2,NA,2,3,2,3,NA,5,2,4,NA,NA,4,15,11,6,2,5,15,9,4,3,9,2,4,3,2,7,22,3,3
2009-07-31,2,11,2,NA,2,4,10,NA,NA,NA,4,14,NA,4,3,9,NA,NA,NA,2,3,5,7,9,2,NA,2,8,3,8,5,10,NA,3,NA,4,NA,3,6,4,2,5,NA,2,4,2,6,2,8,2,7,3,7,7,2,2,4,NA,2,2,NA,2,2,2,7,4,5,3,18,7,2,4,3,NA,9,6,NA,NA,2,2,4,3,2,NA,2,3,2,3,NA,5,2,4,NA,NA,4,15,11,6,2,5,14,9,4,3,8,2,4,3,2,7,22,3,3
2009-08-31,2,11,2,NA,2,4,10,NA,NA,NA,4,14,NA,4,3,9,NA,NA,NA,2,3,5,7,9,2,NA,2,7,3,8,5,10,NA,3,NA,4,NA,3,6,4,2,5,NA,2,4,2,6,2,8,2,7,3,7,7,2,2,4,NA,2,2,NA,2,2,2,7,4,5,3,18,7,2,4,3,NA,9,6,NA,NA,2,2,4,3,2,NA,2,3,2,3,NA,5,2,4,NA,NA,4,15,12,6,2,5,14,9,4,3,8,2,4,3,2,7,22,3,3
2009-09-30,2,11,3,NA,2,4,10,NA,NA,NA,4,14,NA,4,3,9,NA,NA,NA,2,3,5,7,9,2,NA,2,7,3,8,5,10,NA,3,NA,4,NA,3,6,3,2,5,NA,2,4,2,6,2,8,3,7,3,7,7,2,2,4,NA,2,2,NA,2,2,2,8,4,5,3,18,7,2,4,3,NA,9,6,NA,NA,2,2,4,3,2,NA,2,3,2,3,NA,4,2,4,NA,NA,4,15,12,6,2,5,14,9,4,3,8,2,4,3,2,7,22,3,3
2009-10-30,2,11,3,NA,2,4,10,NA,NA,NA,4,14,NA,4,3,9,NA,NA,NA,2,3,5,7,9,2,NA,2,7,3,8,5,10,NA,3,NA,4,NA,3,6,3,2,5,NA,2,4,2,6,2,8,3,7,3,7,7,2,2,4,NA,2,2,NA,2,2,2,8,4,5,3,18,7,2,4,3,NA,9,6,NA,NA,2,2,4,3,2,NA,2,3,2,3,NA,4,2,4,NA,NA,4,15,12,6,2,5,14,9,4,3,8,2,4,3,2,7,22,3,3
2009-11-30,2,11,3,NA,2,4,10,NA,NA,NA,4,14,NA,4,3,8,NA,NA,NA,2,3,5,7,9,2,NA,2,7,3,8,5,10,NA,3,NA,4,NA,3,6,3,2,5,NA,2,4,2,6,2,8,3,7,3,7,7,2,2,4,NA,2,2,NA,2,2,2,7,4,5,3,18,7,2,4,3,NA,9,6,NA,NA,2,2,4,3,2,NA,2,3,2,3,NA,4,2,4,NA,NA,4,15,12,6,2,5,14,9,4,3,8,2,4,3,2,7,22,3,3
2009-12-31,2,11,3,NA,2,5,10,NA,NA,NA,4,14,NA,4,3,7,NA,NA,NA,2,3,5,6,9,2,NA,2,8,3,8,5,10,NA,3,NA,4,NA,3,6,3,2,5,NA,2,4,2,6,2,8,3,8,3,7,7,NA,2,4,NA,2,2,NA,2,2,2,7,4,5,2,18,7,2,4,3,NA,9,6,NA,NA,2,2,4,3,2,NA,2,3,2,3,NA,3,2,4,NA,NA,4,15,12,6,2,5,15,9,4,4,8,2,4,3,3,7,22,3,3
2010-01-29,2,11,3,NA,2,5,10,NA,NA,NA,4,14,NA,4,3,7,NA,NA,NA,2,3,5,6,9,2,NA,2,8,3,8,5,10,NA,3,NA,4,NA,3,6,3,2,5,NA,2,4,2,6,2,8,3,8,3,7,7,NA,2,4,NA,2,2,NA,2,2,2,7,4,5,2,18,7,2,4,3,NA,9,6,NA,NA,2,2,4,3,2,NA,2,3,2,3,NA,3,2,4,NA,NA,4,15,12,6,2,5,15,9,4,4,8,2,4,3,3,7,22,3,3
2010-02-26,2,11,3,NA,2,6,10,NA,NA,NA,4,14,NA,4,3,7,NA,NA,NA,2,4,5,6,8,2,NA,2,8,3,8,5,10,NA,3,NA,4,NA,3,6,3,2,5,NA,2,4,2,6,2,8,3,8,4,7,7,NA,2,4,NA,2,2,NA,2,2,2,7,4,5,2,18,7,2,4,3,NA,10,6,NA,NA,2,2,3,3,2,NA,2,3,2,3,NA,3,2,4,NA,NA,4,15,11,6,2,5,15,9,4,4,8,2,4,3,3,7,22,3,3
2010-03-31,2,11,3,NA,2,6,10,NA,NA,NA,4,14,NA,4,2,7,NA,NA,NA,2,4,5,6,8,2,NA,2,8,3,8,5,10,NA,3,NA,4,NA,3,7,3,2,5,NA,2,4,2,6,2,8,3,8,4,7,7,NA,2,4,NA,2,2,NA,2,2,2,7,4,5,3,18,7,2,5,3,NA,10,6,NA,NA,2,2,3,3,2,NA,2,3,2,3,NA,3,2,4,NA,NA,4,15,10,6,2,5,15,9,4,4,8,2,4,2,3,7,22,3,3
2010-04-30,2,11,3,NA,2,6,10,NA,NA,NA,4,14,NA,4,2,7,NA,NA,NA,2,4,5,6,8,2,NA,2,8,3,8,5,10,NA,3,NA,4,NA,3,7,3,2,5,NA,2,4,2,6,2,8,3,8,4,7,7,NA,2,4,NA,2,2,NA,2,2,2,7,4,5,3,18,7,2,5,3,NA,10,6,NA,NA,2,2,3,3,2,NA,2,3,2,3,NA,3,2,4,NA,NA,4,15,10,6,2,5,15,9,4,4,8,2,4,2,3,7,22,3,3
2010-05-28,2,11,3,NA,2,6,10,NA,NA,NA,4,14,NA,4,2,7,NA,NA,NA,2,4,5,6,8,2,NA,2,8,3,8,5,10,NA,3,NA,4,NA,3,7,3,2,5,NA,2,4,2,6,2,8,3,8,4,7,7,NA,2,4,NA,2,2,NA,2,2,2,7,4,5,3,18,7,2,5,3,NA,10,6,NA,NA,2,2,3,3,2,NA,2,3,2,3,NA,3,2,4,NA,NA,4,15,10,6,2,5,15,9,4,4,8,2,4,2,3,7,22,3,3
2010-06-30,2,11,3,NA,2,6,10,2,NA,NA,4,14,NA,4,2,7,NA,NA,NA,2,4,5,6,8,2,NA,2,8,3,8,5,10,NA,3,NA,4,NA,3,7,3,2,5,NA,2,4,2,6,2,8,3,8,4,7,7,NA,2,4,NA,2,2,NA,2,2,2,7,4,5,3,17,6,2,5,3,NA,10,6,NA,NA,2,2,3,3,2,NA,2,3,2,3,NA,3,2,4,NA,NA,4,15,10,6,2,5,15,9,4,4,8,2,4,2,3,7,22,3,3
2010-07-30,2,11,3,NA,2,6,10,2,NA,NA,4,14,NA,4,2,7,NA,NA,NA,2,4,5,6,8,2,NA,2,8,3,8,5,10,NA,3,NA,4,NA,3,7,3,2,5,NA,2,4,2,6,2,8,3,8,4,7,7,NA,2,4,NA,2,2,NA,2,2,2,7,4,5,3,18,6,2,4,3,NA,10,6,NA,NA,2,2,3,3,2,NA,2,3,2,3,NA,3,2,4,NA,NA,4,15,10,6,2,5,15,9,4,4,8,2,4,2,3,7,22,3,3
2010-08-31,2,11,3,NA,2,6,10,2,NA,NA,4,14,NA,4,2,7,NA,NA,NA,2,4,5,6,8,2,NA,2,8,3,7,5,10,NA,3,NA,4,NA,3,7,3,2,5,NA,2,4,2,6,2,8,3,8,4,7,8,NA,2,4,NA,2,2,NA,2,2,2,8,4,5,3,18,6,2,4,3,NA,10,6,NA,NA,2,2,3,3,2,NA,2,3,2,3,NA,3,2,4,NA,NA,4,15,10,6,2,5,15,9,4,4,8,2,4,2,3,7,22,3,3
2010-09-30,2,11,3,NA,2,6,10,2,NA,NA,4,14,NA,4,2,7,NA,NA,NA,2,4,5,6,8,2,NA,2,8,3,7,5,10,NA,3,NA,4,NA,4,7,3,2,5,NA,2,4,2,6,2,8,3,8,4,7,8,NA,2,4,NA,2,2,NA,2,2,2,8,4,5,3,18,6,2,4,3,NA,10,6,NA,NA,2,2,3,3,2,NA,2,3,2,3,NA,3,2,4,NA,NA,4,15,10,6,2,5,15,9,4,4,8,2,4,2,3,7,22,3,3
2010-10-29,2,11,3,NA,2,6,10,2,NA,NA,4,14,NA,4,2,7,NA,NA,NA,2,4,5,6,8,2,NA,2,8,3,7,5,10,NA,3,NA,4,NA,4,7,3,2,5,NA,2,4,2,6,2,8,3,8,4,7,8,NA,2,4,NA,2,2,NA,2,2,2,8,4,5,3,18,6,2,4,3,NA,10,6,NA,NA,2,2,3,3,2,NA,2,3,2,3,NA,3,2,4,NA,NA,4,15,10,6,2,5,15,9,4,4,8,2,4,2,3,7,22,3,3
2010-11-30,2,11,3,NA,2,6,10,2,NA,NA,4,14,NA,4,2,7,NA,NA,NA,2,4,5,6,8,2,NA,2,8,3,7,5,10,NA,3,NA,4,NA,4,7,3,2,5,NA,2,4,2,6,2,8,3,8,4,7,8,NA,2,4,NA,2,2,NA,2,2,2,8,4,5,3,18,6,2,4,3,NA,10,6,NA,NA,2,2,3,3,2,NA,2,3,2,3,NA,3,2,4,NA,NA,4,15,10,6,2,5,15,9,4,4,8,2,4,2,3,7,22,3,3
2010-12-31,2,11,3,NA,2,6,10,2,NA,NA,4,14,NA,4,2,6,NA,NA,NA,2,4,5,6,7,2,NA,2,8,3,7,5,10,NA,3,NA,4,NA,4,9,3,2,5,NA,2,4,2,6,2,8,3,8,4,7,8,NA,2,4,NA,2,2,NA,2,2,2,8,4,5,3,19,6,2,4,3,NA,10,5,NA,NA,2,NA,3,3,2,NA,2,3,2,3,NA,3,2,4,NA,NA,4,15,10,7,2,5,16,8,4,4,8,2,4,2,3,7,22,3,3
2011-01-31,2,11,3,NA,2,6,10,2,NA,NA,4,14,NA,4,2,6,NA,NA,NA,2,4,5,6,7,2,NA,2,8,3,7,5,10,NA,3,NA,4,NA,4,9,3,2,5,NA,2,4,2,6,2,8,3,8,4,7,8,NA,2,4,NA,2,2,NA,2,2,2,8,4,5,3,19,6,2,4,3,NA,10,5,NA,NA,2,NA,3,3,2,NA,2,3,2,3,NA,3,2,4,NA,NA,4,15,10,7,2,5,16,8,4,4,8,2,4,2,3,7,22,3,3
2011-02-28,2,11,3,NA,2,6,10,2,NA,NA,4,14,NA,4,2,6,NA,NA,NA,2,4,5,6,7,2,NA,2,8,3,7,5,10,NA,3,NA,4,NA,4,9,3,2,5,NA,2,4,2,6,2,8,3,8,4,7,8,NA,2,4,NA,2,2,NA,2,2,2,8,4,5,4,19,6,2,4,3,NA,10,5,NA,NA,2,NA,3,3,2,NA,2,3,2,3,NA,3,2,4,NA,NA,4,15,10,7,2,5,16,8,4,4,8,2,4,2,3,7,22,3,3
2011-03-31,2,11,3,NA,2,6,10,2,NA,NA,4,14,NA,4,2,6,NA,NA,NA,2,4,5,6,7,2,NA,2,8,3,7,5,10,NA,3,NA,4,NA,4,9,3,2,5,NA,2,4,2,6,2,8,3,8,4,7,8,NA,2,4,NA,2,2,NA,2,2,2,9,4,5,4,19,6,2,4,3,NA,10,5,NA,NA,2,NA,3,3,2,NA,2,3,2,3,NA,3,2,4,NA,NA,4,15,9,7,2,5,16,8,4,4,8,2,4,2,3,7,21,3,3
2011-04-29,2,11,3,NA,2,6,11,2,NA,NA,4,14,NA,4,2,5,NA,NA,NA,2,4,5,5,7,2,NA,2,8,3,7,5,10,NA,3,NA,4,NA,4,9,3,2,5,NA,2,4,2,6,2,8,3,8,4,7,8,NA,2,4,NA,2,2,NA,2,2,2,10,4,5,4,19,6,2,4,3,NA,10,5,NA,NA,2,NA,3,3,2,NA,2,3,2,3,NA,3,2,4,NA,NA,4,15,9,7,2,5,16,8,4,4,7,2,4,2,3,7,21,3,3
2011-05-31,2,11,3,NA,2,6,11,2,NA,NA,4,14,NA,4,2,5,NA,NA,NA,2,4,5,5,7,2,NA,2,8,3,7,5,10,NA,3,NA,4,NA,4,9,3,2,5,NA,2,4,2,6,2,8,3,8,4,7,8,NA,2,4,NA,2,2,NA,2,2,2,10,4,5,4,19,6,2,4,3,NA,10,5,NA,NA,2,NA,3,3,2,NA,2,3,2,3,NA,3,2,4,NA,NA,4,15,9,7,2,5,16,8,4,4,7,2,4,2,3,7,21,3,3
2011-06-30,2,11,3,NA,2,6,11,2,NA,NA,4,14,NA,4,2,5,NA,NA,NA,2,4,5,5,7,2,NA,2,8,3,7,5,10,NA,3,NA,4,NA,4,9,3,2,5,NA,2,4,2,6,2,8,3,8,4,7,8,NA,2,4,NA,2,2,NA,2,2,2,10,4,5,4,19,6,2,4,3,NA,10,5,NA,NA,2,NA,3,3,2,NA,2,3,2,3,NA,3,2,5,NA,NA,4,15,8,7,2,5,16,8,4,4,7,NA,4,2,3,7,21,3,3
2011-07-29,2,11,3,NA,2,6,11,2,NA,NA,4,14,NA,4,2,5,NA,NA,NA,2,4,5,5,7,2,NA,2,8,3,7,5,10,NA,3,NA,4,NA,4,9,3,2,5,NA,2,4,2,6,2,8,3,8,4,7,8,NA,2,4,NA,2,2,NA,2,2,2,10,4,5,4,19,6,2,4,3,NA,10,5,NA,NA,2,NA,3,3,2,NA,2,3,2,3,NA,3,2,5,NA,NA,4,15,8,7,2,5,16,7,4,4,7,NA,4,2,3,7,21,3,3
2011-08-31,2,11,3,NA,2,6,11,2,NA,NA,4,14,NA,4,2,5,NA,NA,NA,2,4,5,5,7,2,NA,2,8,3,7,5,10,NA,3,NA,4,NA,4,9,3,2,5,NA,2,4,2,6,2,8,3,8,4,7,8,NA,2,4,NA,2,2,NA,2,2,2,10,4,5,4,19,6,2,4,3,NA,10,5,NA,NA,2,NA,3,3,2,NA,2,3,2,3,NA,3,2,5,NA,NA,4,15,8,7,2,5,16,7,4,4,7,NA,4,2,3,7,21,3,3
2011-09-30,2,11,4,NA,2,6,11,2,NA,NA,4,13,NA,4,2,5,NA,NA,NA,2,4,5,5,7,2,NA,2,8,3,7,5,10,NA,3,NA,4,NA,4,9,3,2,5,NA,2,4,2,6,2,8,3,9,4,7,8,NA,2,4,NA,2,2,NA,2,2,2,10,4,5,4,19,6,2,4,3,NA,10,5,NA,NA,2,NA,3,3,2,NA,2,3,2,3,NA,3,2,5,NA,NA,4,14,8,7,2,5,16,7,4,4,7,NA,4,2,3,7,21,3,3
2011-10-31,2,11,4,NA,2,6,11,2,NA,NA,4,13,NA,4,2,5,NA,NA,NA,2,4,5,5,7,2,NA,2,8,3,7,5,10,NA,3,NA,4,NA,4,9,3,2,5,NA,2,4,2,6,2,8,3,9,4,7,8,NA,2,4,NA,2,2,NA,2,2,2,10,4,5,4,19,6,2,4,3,NA,10,5,NA,NA,2,NA,3,3,2,NA,2,3,2,3,NA,3,2,5,NA,NA,4,14,8,7,2,5,16,7,4,4,7,NA,4,2,3,7,21,3,3
2011-11-30,2,11,4,NA,2,6,11,2,NA,NA,4,13,NA,4,2,4,NA,NA,NA,2,4,5,5,7,2,NA,2,8,3,7,5,10,NA,3,NA,5,NA,4,9,3,2,5,NA,2,4,2,6,2,8,3,9,4,7,8,NA,2,4,NA,2,2,NA,2,2,2,10,4,5,4,19,6,2,4,3,NA,10,5,NA,NA,2,NA,3,3,2,NA,2,3,2,3,NA,3,2,5,NA,NA,4,14,8,7,2,5,15,7,4,4,7,NA,4,2,3,7,21,3,3
2011-12-30,2,11,4,NA,2,6,10,2,NA,2,4,13,NA,4,2,4,NA,NA,NA,2,4,5,5,7,2,NA,2,8,3,7,6,10,2,3,NA,5,NA,4,9,3,2,5,NA,2,4,2,6,2,8,3,9,4,7,8,NA,2,4,NA,2,2,NA,2,2,2,10,4,5,4,19,6,2,4,3,NA,10,5,NA,NA,2,NA,3,3,2,NA,2,3,2,3,NA,3,2,5,NA,NA,4,13,8,7,2,5,15,7,3,3,7,NA,4,2,3,7,21,3,3
2012-01-31,2,11,4,NA,2,6,10,2,NA,2,4,13,NA,4,2,4,NA,NA,NA,2,4,5,4,7,2,NA,2,8,3,7,6,10,2,3,NA,5,NA,4,9,3,2,5,NA,2,4,2,6,2,8,3,9,4,7,8,NA,2,4,NA,2,2,NA,2,2,2,10,4,5,4,19,6,2,4,3,NA,10,5,NA,NA,2,NA,3,3,2,NA,2,3,2,3,NA,3,2,5,NA,NA,4,13,8,7,2,5,15,7,3,3,7,NA,4,2,3,7,21,3,3
2012-02-29,2,11,4,NA,2,6,10,2,NA,2,4,13,NA,4,2,4,NA,NA,NA,2,4,5,4,7,2,NA,2,8,3,7,6,10,2,3,NA,5,NA,4,9,3,2,5,NA,2,4,2,6,2,8,3,9,4,7,8,NA,2,4,NA,2,2,NA,2,2,2,10,4,5,4,19,6,2,4,3,NA,10,5,NA,NA,2,NA,3,3,2,NA,2,3,2,3,NA,3,2,5,NA,NA,4,13,8,7,2,5,15,7,3,3,7,NA,4,2,3,7,21,3,3
2012-03-30,2,11,4,NA,2,6,10,2,NA,2,4,13,NA,4,2,4,NA,NA,NA,2,4,5,4,7,2,NA,2,8,3,7,6,10,2,3,NA,5,NA,4,9,3,2,5,NA,2,4,2,6,2,8,3,9,4,7,8,NA,2,4,NA,2,2,NA,2,2,2,10,4,5,4,19,6,2,4,3,NA,10,5,NA,NA,2,NA,3,3,2,NA,2,3,2,4,NA,3,2,5,NA,NA,4,13,7,7,2,5,15,7,3,3,7,NA,4,2,3,7,20,3,3
2012-04-30,2,11,4,NA,2,6,10,2,NA,2,4,13,NA,4,2,4,NA,NA,NA,2,4,5,4,7,2,NA,2,8,3,7,6,10,2,3,NA,5,NA,4,9,3,2,5,NA,2,4,2,6,2,8,3,9,4,7,8,NA,2,4,NA,2,2,NA,3,2,2,10,4,5,4,19,6,2,4,3,NA,10,5,NA,NA,NA,NA,3,3,2,NA,2,3,2,4,NA,3,2,5,NA,NA,4,13,7,7,2,5,15,7,3,3,7,NA,4,2,3,7,20,3,3
2012-05-31,2,11,4,NA,2,6,10,2,NA,2,4,13,NA,4,2,5,NA,NA,NA,2,4,5,4,7,2,NA,2,8,3,7,6,10,2,3,NA,5,NA,4,9,3,2,5,NA,2,3,2,6,2,8,3,9,4,7,8,NA,2,4,NA,2,2,NA,3,2,2,10,4,5,4,19,6,2,4,3,NA,10,5,NA,NA,NA,NA,3,3,2,NA,2,3,2,4,NA,3,2,5,NA,NA,4,13,7,7,2,5,15,7,3,3,7,NA,4,2,3,7,20,3,3
2012-06-29,2,11,4,NA,2,6,10,2,NA,2,4,13,NA,4,2,5,NA,NA,NA,2,4,5,4,7,2,NA,2,8,3,7,6,10,2,3,NA,5,NA,4,9,3,2,5,NA,2,3,2,6,2,8,3,9,4,7,8,NA,2,4,NA,2,2,NA,3,2,2,10,4,5,4,19,6,2,4,3,NA,10,5,NA,NA,NA,NA,3,3,2,NA,2,3,2,4,NA,3,2,5,NA,NA,4,13,7,7,2,5,15,7,3,3,7,NA,4,2,3,7,20,3,3
2012-07-31,2,11,4,NA,2,6,10,2,NA,2,4,13,NA,5,2,5,NA,NA,NA,2,4,5,4,8,2,NA,2,8,3,7,6,10,2,3,NA,5,NA,4,9,3,2,5,NA,2,3,2,6,2,8,3,9,4,7,8,NA,2,4,NA,2,2,NA,3,2,2,10,4,5,4,19,6,2,4,3,NA,9,5,NA,NA,NA,NA,3,3,2,NA,2,3,2,4,NA,3,2,5,NA,NA,4,13,7,7,2,5,15,7,3,3,7,NA,4,2,3,7,19,3,3
2012-08-31,2,11,4,NA,2,6,10,2,NA,2,4,13,NA,5,2,5,NA,NA,NA,2,4,5,4,8,2,NA,2,8,3,7,6,10,2,3,NA,5,NA,4,9,3,2,5,NA,2,3,2,6,2,8,3,9,4,7,8,NA,2,4,NA,2,2,NA,3,2,2,10,4,5,4,19,6,2,4,3,NA,9,5,NA,NA,NA,NA,3,3,2,NA,2,3,2,4,NA,3,2,5,NA,NA,4,13,7,7,2,5,15,7,3,3,7,NA,4,2,3,7,19,3,3
2012-09-28,2,10,4,NA,2,6,10,2,NA,2,4,13,NA,5,2,5,NA,NA,NA,2,4,5,4,8,2,NA,2,8,3,7,6,10,2,3,NA,5,NA,4,9,3,2,5,NA,2,3,2,6,2,8,3,9,4,7,8,NA,2,4,NA,2,2,NA,3,2,2,10,4,5,5,19,6,2,4,3,NA,9,5,NA,NA,NA,NA,3,3,2,NA,2,3,2,4,NA,3,2,5,NA,NA,4,13,7,7,2,5,15,7,3,3,7,NA,4,2,3,7,19,3,3
2012-10-31,2,10,4,NA,2,6,10,2,NA,2,4,13,NA,5,2,5,NA,NA,NA,2,4,5,4,7,2,NA,2,8,3,7,6,10,2,2,NA,5,NA,4,9,3,2,5,NA,2,3,2,6,2,8,3,9,4,7,8,NA,2,4,NA,2,2,NA,3,2,2,10,4,5,5,19,6,2,4,3,NA,9,5,NA,NA,NA,NA,3,3,2,NA,2,3,2,4,NA,3,2,5,NA,NA,4,13,7,7,2,6,16,7,3,3,7,NA,4,2,3,7,19,3,3
2012-11-30,2,10,4,NA,2,6,10,2,NA,2,4,13,NA,5,2,5,NA,NA,NA,2,4,5,4,7,2,NA,2,8,3,7,6,10,2,2,NA,5,NA,4,9,3,2,5,NA,2,3,2,6,2,8,3,9,4,7,8,NA,2,4,NA,3,2,NA,3,2,2,10,4,5,5,19,6,2,4,2,NA,9,5,NA,NA,NA,NA,3,3,2,NA,2,3,2,4,NA,3,2,5,NA,NA,4,13,7,7,2,6,16,7,3,3,7,NA,4,2,3,7,19,3,3
2012-12-31,2,10,4,NA,2,6,10,2,NA,2,4,13,NA,5,2,5,NA,NA,NA,2,4,5,4,7,2,NA,2,8,3,7,7,10,2,2,NA,5,NA,4,9,3,2,5,NA,2,3,2,6,2,8,3,9,4,7,8,NA,2,4,NA,3,2,NA,3,2,2,10,4,5,5,19,6,2,4,2,NA,9,5,NA,NA,NA,NA,3,3,2,NA,2,3,2,4,NA,3,2,5,2,NA,4,13,7,7,NA,6,16,7,3,3,7,NA,4,2,3,7,19,3,3
2013-01-31,2,10,4,NA,2,6,10,2,NA,2,4,13,NA,5,2,5,NA,NA,NA,2,4,5,4,7,2,NA,2,8,3,7,7,10,2,2,NA,5,NA,4,9,3,2,5,NA,2,3,2,6,2,8,3,9,4,7,8,NA,2,4,NA,3,2,NA,3,2,2,10,4,5,5,19,6,2,4,2,NA,9,5,NA,NA,NA,NA,3,3,2,NA,2,3,2,4,NA,3,2,5,2,NA,4,13,7,7,NA,6,16,7,3,3,7,NA,4,2,3,7,19,3,3
2013-02-28,2,10,4,NA,2,6,10,2,NA,3,4,13,NA,5,2,5,NA,NA,NA,2,4,5,4,7,2,NA,2,8,3,7,7,10,2,2,NA,5,NA,4,9,3,2,5,NA,2,3,2,6,2,8,3,9,4,7,8,NA,2,4,NA,3,2,NA,3,2,2,10,4,5,5,20,6,2,4,4,NA,9,5,NA,NA,NA,NA,3,3,2,NA,2,3,2,4,NA,3,2,5,2,NA,4,13,7,7,NA,6,17,7,3,3,7,NA,4,2,4,7,19,3,3
2013-03-28,2,10,4,NA,2,6,10,2,NA,3,4,13,NA,5,2,5,NA,NA,NA,2,4,5,4,7,2,NA,2,8,3,7,7,11,2,2,NA,5,NA,4,9,3,2,5,NA,2,3,2,6,2,8,3,9,4,7,8,NA,2,4,NA,3,2,NA,3,2,2,10,4,5,5,20,6,2,4,4,NA,10,5,NA,NA,NA,NA,3,3,2,NA,2,3,2,4,NA,3,2,5,2,NA,4,13,7,7,NA,6,17,7,3,3,7,NA,4,2,4,7,19,3,3
2013-04-30,2,10,4,NA,3,6,10,2,NA,3,4,13,NA,5,2,5,NA,NA,NA,2,4,5,4,7,2,NA,2,8,3,7,6,11,2,2,NA,5,NA,4,9,3,2,5,NA,2,3,2,6,2,8,3,9,4,7,8,NA,2,4,NA,3,2,NA,3,2,2,10,4,5,5,20,6,2,4,4,NA,10,5,NA,NA,NA,NA,3,3,2,NA,2,3,2,4,NA,3,2,5,2,NA,4,13,7,7,NA,6,17,7,3,3,7,NA,4,2,4,7,19,3,3
2013-05-31,2,10,4,NA,3,6,10,2,NA,3,4,13,NA,5,2,6,NA,NA,NA,2,4,5,4,7,2,NA,2,8,3,7,6,11,2,2,NA,5,NA,4,9,3,2,5,NA,2,3,2,5,2,8,3,9,4,7,8,NA,2,4,NA,3,2,NA,3,2,2,10,4,5,5,20,6,2,4,4,NA,10,5,NA,NA,NA,NA,3,3,2,NA,2,3,3,4,NA,3,2,5,2,NA,4,13,7,7,NA,6,17,7,3,3,6,NA,4,2,4,7,19,3,3
2013-06-28,2,10,4,NA,3,6,10,2,2,3,4,13,NA,5,2,6,NA,NA,NA,2,4,5,4,7,2,NA,2,8,3,7,6,11,2,2,NA,5,NA,4,9,3,2,5,NA,2,3,2,5,2,8,3,9,4,7,8,NA,2,4,NA,3,2,NA,3,2,2,10,4,5,5,20,6,2,4,4,NA,9,5,NA,NA,NA,NA,4,3,2,NA,2,3,3,4,NA,3,2,5,2,NA,4,13,7,7,NA,6,17,7,3,3,6,NA,4,2,4,7,19,3,3
2013-07-31,2,10,4,NA,3,6,10,2,2,3,4,12,NA,5,2,6,NA,NA,NA,2,4,5,4,7,2,NA,2,8,3,7,6,11,3,NA,NA,5,NA,4,9,3,2,5,NA,2,3,2,5,2,8,3,9,4,7,8,NA,2,4,NA,3,2,NA,3,2,2,10,4,5,5,20,6,2,4,4,NA,9,5,NA,NA,NA,NA,4,3,2,NA,2,3,3,4,NA,3,2,5,2,NA,4,13,7,7,NA,6,17,7,3,3,6,NA,4,2,4,7,19,3,3
2013-08-30,2,10,4,NA,3,6,10,2,2,3,4,12,NA,5,2,6,NA,NA,NA,2,4,5,4,7,2,NA,2,8,3,7,6,11,3,NA,NA,5,NA,4,9,3,2,5,NA,2,3,2,5,2,8,3,9,4,7,8,NA,2,4,NA,3,2,NA,3,2,2,10,4,5,5,20,6,2,4,4,NA,9,5,NA,NA,NA,NA,4,3,2,NA,2,3,3,4,NA,3,2,5,2,NA,4,13,7,7,NA,6,17,7,3,3,6,NA,4,2,4,7,19,3,3
2013-09-30,2,10,4,2,3,6,10,2,2,3,4,12,NA,5,2,7,NA,NA,NA,2,4,5,4,7,2,2,2,8,3,7,6,11,3,NA,NA,5,NA,4,9,3,2,5,NA,2,3,2,5,2,8,3,8,4,7,8,NA,2,4,NA,3,2,NA,3,2,2,10,4,5,5,20,6,2,4,4,NA,9,5,NA,NA,NA,NA,4,3,2,NA,2,3,3,4,NA,3,2,5,2,NA,4,12,6,7,NA,6,18,7,3,3,5,NA,4,2,4,7,19,3,3
2013-10-31,2,10,4,2,3,6,10,2,2,3,4,12,NA,5,2,7,NA,NA,NA,2,4,5,4,7,2,2,2,8,3,7,6,11,3,NA,NA,5,NA,4,9,3,2,5,NA,2,3,2,5,2,8,3,8,4,7,8,NA,2,4,NA,3,2,NA,3,2,2,10,4,5,5,20,6,2,4,4,NA,9,5,NA,NA,NA,NA,4,3,2,NA,2,3,3,4,NA,3,2,5,2,NA,4,12,6,7,NA,6,18,7,3,3,5,NA,4,2,4,7,19,3,3
2013-11-29,2,10,3,2,3,6,10,2,2,3,4,12,NA,5,2,7,NA,NA,NA,2,4,5,4,6,2,2,2,7,3,7,6,10,2,NA,NA,5,NA,4,9,3,2,5,NA,2,3,2,5,2,8,3,8,4,7,8,NA,2,4,NA,3,2,NA,3,2,2,10,4,5,6,20,6,2,4,4,NA,9,5,NA,NA,NA,NA,4,3,2,NA,2,3,3,4,NA,3,2,5,2,NA,4,12,6,7,NA,6,18,7,3,3,5,NA,4,2,4,7,19,3,3
2013-12-31,2,10,3,2,3,5,9,2,2,3,4,12,NA,5,2,7,NA,NA,NA,2,4,5,3,6,2,2,2,8,3,7,6,10,2,NA,NA,4,NA,4,9,3,2,5,NA,3,3,2,5,2,8,3,8,4,7,8,NA,2,4,2,3,2,NA,3,2,2,10,4,5,6,20,6,2,4,4,NA,9,5,NA,NA,NA,NA,4,3,2,NA,2,3,4,4,NA,3,2,5,2,NA,3,12,6,7,NA,6,18,7,3,3,5,NA,4,2,4,7,19,3,3
2014-01-31,2,10,3,2,3,5,9,2,2,3,4,12,NA,5,2,7,NA,NA,NA,2,4,5,3,6,2,2,2,8,3,7,6,10,2,NA,NA,4,NA,4,9,3,2,5,NA,3,3,2,5,2,8,3,8,4,7,8,NA,2,4,2,3,2,NA,3,2,2,10,4,5,6,20,6,2,4,4,NA,9,5,NA,NA,NA,NA,4,3,2,NA,2,3,4,4,NA,3,2,5,2,NA,3,12,6,7,NA,6,18,7,3,3,5,NA,4,2,4,7,19,3,3
2014-02-28,2,10,3,2,3,5,9,2,2,3,4,12,NA,5,2,7,NA,NA,NA,2,4,5,3,6,2,2,2,9,3,7,6,11,2,NA,NA,4,NA,4,9,3,2,5,NA,3,3,2,5,2,8,3,8,4,7,8,NA,2,4,2,3,2,NA,3,2,2,10,4,5,6,20,6,2,4,4,NA,9,5,NA,NA,NA,NA,4,3,2,NA,2,3,4,4,NA,3,2,5,2,NA,3,12,6,7,NA,6,18,7,3,3,5,NA,4,2,4,7,19,3,3
2014-03-31,2,10,3,2,3,5,9,2,2,3,4,12,NA,5,2,6,NA,NA,NA,2,4,5,3,6,2,2,2,9,3,7,6,11,3,NA,NA,4,NA,4,9,3,2,5,NA,3,3,2,5,2,8,3,8,4,7,8,NA,2,4,2,3,2,NA,3,2,2,10,4,5,6,19,6,2,4,4,NA,10,5,NA,NA,NA,NA,4,3,2,NA,2,3,4,4,NA,3,2,5,2,2,3,12,6,7,NA,6,18,8,3,3,5,NA,4,2,4,7,19,3,3
2014-04-30,2,10,3,2,3,5,9,2,2,3,4,12,NA,5,2,6,NA,NA,NA,2,4,5,3,6,2,2,2,9,3,7,6,11,3,NA,NA,4,NA,4,9,3,2,5,NA,3,3,2,5,2,8,3,8,4,7,8,NA,2,4,2,3,2,NA,3,2,2,10,4,5,6,19,6,2,4,4,NA,10,5,NA,NA,NA,NA,4,3,2,NA,2,4,4,4,NA,3,2,5,2,NA,3,12,6,7,NA,6,18,8,3,2,5,NA,4,2,4,7,19,3,3
2014-05-30,2,10,3,2,5,5,9,2,2,3,4,12,NA,5,2,6,NA,NA,NA,2,4,5,3,6,2,2,2,8,3,7,6,11,3,NA,NA,4,NA,4,9,3,2,5,NA,3,3,2,5,2,8,3,8,4,7,8,NA,2,4,2,3,2,NA,3,2,2,10,4,5,6,19,6,2,4,4,NA,10,5,NA,NA,NA,NA,4,3,2,NA,2,4,4,4,NA,3,2,5,2,NA,3,12,6,7,NA,6,18,8,3,2,5,NA,4,2,4,7,19,3,3
2014-06-30,2,10,3,2,5,5,9,2,2,3,4,12,NA,5,2,6,NA,NA,NA,2,4,5,3,6,2,2,2,8,3,7,6,11,3,NA,NA,4,NA,4,9,3,2,5,NA,3,3,2,5,2,7,3,8,4,7,8,NA,2,4,2,3,2,NA,3,2,2,10,4,5,6,20,6,2,4,4,NA,10,5,NA,NA,NA,NA,4,3,2,NA,2,4,4,4,NA,3,2,5,2,NA,3,12,6,7,NA,6,18,8,3,2,5,NA,4,2,4,7,19,3,3
2014-07-31,2,10,4,2,5,5,10,2,2,3,4,12,NA,5,2,5,NA,NA,NA,2,4,5,3,6,2,2,2,8,3,7,6,11,3,NA,NA,4,NA,4,9,3,2,5,NA,3,3,2,5,2,7,3,8,4,7,8,NA,2,4,2,3,2,NA,3,2,2,10,4,5,6,20,6,2,4,4,NA,10,5,NA,NA,NA,NA,4,3,2,NA,2,4,4,4,NA,3,2,5,2,NA,3,12,6,7,NA,6,18,8,3,2,5,NA,4,2,4,7,19,3,3
2014-08-29,2,10,4,2,5,5,10,2,2,3,4,12,NA,5,2,5,2,2,NA,2,4,5,3,6,2,2,2,8,3,7,6,11,3,NA,NA,4,NA,4,9,3,2,5,NA,3,3,2,5,2,7,3,8,4,7,8,NA,2,4,2,3,2,NA,3,2,2,10,4,5,6,20,6,2,4,4,NA,10,5,NA,NA,NA,NA,4,3,2,NA,2,4,4,4,NA,3,2,5,2,NA,3,12,6,7,NA,6,18,8,3,NA,5,NA,4,2,4,7,19,3,3
2014-09-30,2,10,4,2,5,5,10,2,2,3,4,12,NA,5,2,5,2,2,NA,2,4,5,3,6,2,2,2,8,3,7,6,11,3,NA,NA,4,NA,4,9,3,2,5,NA,3,3,2,5,2,7,3,8,4,7,8,NA,2,4,2,3,2,NA,3,2,3,10,4,5,5,20,6,2,4,4,NA,10,5,NA,NA,NA,NA,4,3,2,NA,2,4,4,4,2,3,2,5,2,NA,3,12,6,7,NA,6,18,8,3,NA,5,NA,4,2,4,7,19,3,3
2014-10-31,2,10,4,2,5,5,10,2,2,3,4,12,NA,5,2,5,2,2,NA,2,4,5,3,6,2,2,2,8,3,7,6,11,3,NA,NA,4,NA,4,9,3,2,5,NA,3,3,2,5,2,7,3,8,4,7,8,NA,2,4,2,3,2,NA,3,2,3,10,4,5,5,20,6,2,4,4,NA,10,5,NA,NA,NA,NA,4,3,2,NA,2,4,4,4,2,3,2,5,2,NA,3,12,6,7,NA,6,18,8,3,NA,5,NA,4,2,4,7,19,3,3
2014-11-28,2,10,4,2,5,5,10,2,2,3,4,12,NA,5,2,5,2,2,NA,2,4,5,3,6,2,2,2,8,3,7,6,11,3,NA,NA,4,NA,4,9,3,2,5,NA,3,3,2,5,2,7,3,8,4,7,8,NA,2,4,2,3,2,NA,3,2,3,10,4,5,5,20,6,2,4,4,NA,10,5,NA,NA,NA,NA,4,3,2,NA,2,4,4,4,2,3,2,5,2,NA,3,12,6,7,NA,6,18,8,3,NA,5,NA,4,2,4,7,19,3,3
2014-12-31,2,10,4,2,5,5,10,2,2,3,4,12,NA,5,2,5,2,2,NA,2,4,5,3,6,2,2,2,8,3,7,6,11,3,NA,NA,3,NA,4,9,3,2,5,NA,3,3,2,5,2,7,3,8,4,7,8,NA,2,4,2,3,2,NA,3,2,3,10,4,5,5,20,6,2,4,4,NA,10,4,NA,NA,NA,NA,4,3,2,NA,2,4,4,4,2,3,2,5,2,NA,3,12,6,7,NA,6,18,8,3,NA,6,NA,4,2,5,7,19,3,3
2015-01-30,2,10,4,2,5,5,10,2,2,3,4,12,NA,5,2,5,2,2,NA,2,4,5,3,6,2,2,2,8,3,7,6,11,3,NA,NA,3,NA,4,9,3,2,5,NA,3,3,2,5,2,7,3,8,4,7,8,NA,2,4,2,3,2,NA,3,2,3,10,4,5,5,20,6,2,4,4,NA,10,4,NA,NA,NA,NA,4,3,2,NA,2,4,4,4,2,3,2,5,2,NA,3,12,6,7,NA,6,18,8,3,NA,6,NA,4,2,5,7,19,3,3
2015-02-27,2,10,4,2,5,5,10,2,2,3,4,12,NA,5,2,5,2,2,NA,2,4,5,3,6,2,2,2,9,3,7,6,11,3,NA,NA,3,NA,4,9,3,2,5,NA,3,3,2,5,2,7,3,8,4,7,8,NA,2,4,2,3,2,NA,3,2,3,10,4,5,5,20,6,2,4,4,NA,10,4,NA,NA,NA,NA,4,3,2,NA,2,4,4,4,2,3,2,5,2,2,3,12,6,7,NA,6,18,8,3,NA,6,NA,4,2,5,7,19,3,3
2015-03-31,2,10,4,3,6,5,10,2,2,3,4,12,NA,5,2,4,2,2,NA,2,4,5,3,6,2,2,2,9,3,7,6,11,4,NA,NA,3,NA,4,9,3,2,5,NA,3,2,2,5,2,6,3,8,4,7,8,NA,2,4,2,2,2,NA,3,2,4,8,5,5,4,19,6,2,4,4,NA,10,4,NA,NA,NA,NA,4,3,2,NA,3,4,4,5,2,3,2,5,2,2,3,13,6,7,NA,6,18,8,3,NA,6,NA,4,2,5,7,19,3,3
2015-04-30,2,10,4,3,6,5,10,2,2,3,4,12,NA,5,2,4,2,2,NA,2,4,5,3,6,2,2,2,9,3,7,6,11,4,NA,NA,3,NA,4,9,3,2,5,NA,3,2,2,5,2,6,3,8,4,7,8,NA,2,4,2,2,2,NA,3,2,4,8,5,5,4,19,6,2,4,4,NA,10,4,NA,NA,NA,NA,4,3,2,NA,3,4,4,5,2,3,2,5,2,2,3,13,6,7,NA,6,18,8,3,NA,6,NA,4,2,5,7,19,3,3
2015-05-29,2,10,4,3,6,5,10,2,2,3,4,12,NA,5,2,4,2,2,NA,2,4,5,3,6,2,2,2,9,3,7,6,11,4,NA,NA,3,NA,4,9,3,2,5,NA,3,2,2,5,2,6,3,8,4,7,8,NA,2,4,2,2,2,NA,3,2,4,8,5,5,4,19,6,2,4,4,NA,10,4,NA,NA,NA,NA,4,3,2,NA,3,4,4,5,2,3,2,5,2,2,3,13,6,7,NA,6,18,8,3,NA,6,NA,4,2,5,7,19,3,3
2015-06-30,2,10,4,3,6,5,10,2,2,3,4,12,NA,5,2,4,2,2,NA,2,4,5,3,6,2,2,2,9,3,7,6,11,4,NA,NA,3,NA,4,9,3,2,5,NA,3,2,2,5,2,6,3,8,4,7,8,NA,2,4,2,2,2,NA,3,2,4,8,5,5,4,19,6,2,4,4,NA,10,4,NA,NA,NA,NA,4,3,2,NA,3,4,5,5,2,3,2,5,2,2,3,14,6,7,NA,6,18,8,3,NA,5,NA,3,2,5,7,19,3,3
2015-07-31,2,10,4,3,6,5,10,2,2,3,4,12,NA,5,2,4,2,2,NA,2,4,5,3,6,2,2,2,9,3,7,5,11,4,NA,NA,3,NA,4,9,3,2,4,NA,3,2,2,5,2,6,3,8,4,7,8,NA,2,5,2,2,2,NA,3,2,4,8,5,5,3,18,6,2,4,4,NA,9,4,NA,NA,NA,NA,4,3,2,NA,3,4,5,5,2,3,2,5,2,2,3,14,6,7,NA,6,18,9,3,NA,5,NA,3,2,5,7,18,3,3
2015-08-31,2,10,4,3,6,5,10,2,2,3,4,12,NA,5,2,4,2,2,NA,2,4,5,3,6,2,2,2,9,3,7,5,11,4,NA,NA,3,NA,4,9,3,2,4,NA,3,2,2,5,2,6,3,8,4,7,8,NA,2,5,2,2,2,NA,4,2,4,8,5,5,3,18,6,2,4,4,NA,9,4,NA,NA,NA,NA,4,3,2,NA,3,4,5,5,2,3,2,5,2,2,3,14,6,7,NA,6,18,9,3,NA,4,NA,3,2,5,7,18,3,3
2015-09-30,2,10,4,4,6,5,10,2,2,3,4,12,NA,5,2,3,2,2,NA,2,4,5,3,6,2,2,2,9,3,7,5,11,4,NA,NA,3,2,4,9,3,2,4,NA,3,2,2,5,2,6,3,8,4,7,8,NA,2,5,2,2,2,NA,4,2,4,8,5,5,3,18,6,2,4,4,NA,9,4,NA,NA,NA,NA,4,3,2,NA,3,4,5,5,2,3,2,5,2,2,3,14,6,7,NA,6,17,9,3,NA,4,NA,3,2,5,7,18,3,3
2015-10-30,2,10,4,4,6,5,10,2,2,3,4,12,NA,5,2,3,2,2,NA,2,4,5,3,6,2,2,2,9,3,7,5,11,4,NA,NA,3,2,4,9,3,2,4,NA,3,2,2,5,2,6,3,8,4,7,8,NA,2,5,2,2,2,NA,4,2,4,8,5,5,3,18,6,2,4,4,NA,9,4,NA,NA,NA,NA,4,3,2,NA,3,4,5,5,2,3,2,5,2,2,3,14,6,7,NA,6,17,9,3,NA,4,NA,3,2,5,7,18,3,3
2015-11-30,2,10,4,4,6,5,10,2,2,3,4,11,NA,5,2,3,2,2,NA,2,4,4,3,6,2,3,2,10,3,8,5,11,4,NA,NA,3,2,4,9,3,2,5,NA,3,2,2,5,2,6,3,8,4,6,8,NA,2,5,2,2,2,NA,4,2,4,8,5,5,3,18,6,2,4,4,NA,9,5,NA,NA,NA,NA,4,3,2,NA,3,4,5,5,2,3,2,5,2,2,3,14,6,7,NA,6,17,9,3,NA,4,NA,3,2,5,7,18,3,3
2015-12-31,2,10,4,4,6,5,10,2,2,3,4,11,NA,5,2,3,2,2,NA,2,4,4,4,6,2,3,2,10,3,8,5,11,4,NA,NA,3,2,4,9,3,2,5,NA,3,2,2,5,2,7,3,7,4,6,8,NA,2,5,2,2,2,NA,4,2,4,8,5,5,3,18,6,2,4,4,NA,9,5,NA,NA,NA,NA,4,3,2,NA,3,4,5,5,2,3,2,5,2,2,3,13,6,7,NA,6,17,9,3,NA,4,NA,3,2,5,7,18,3,3
2016-01-29,2,10,4,4,6,5,10,2,2,3,4,11,NA,5,2,3,2,2,NA,2,4,4,4,6,2,3,2,10,3,8,5,11,4,NA,NA,3,2,4,9,3,2,5,NA,3,2,2,5,2,7,3,7,4,6,7,NA,3,5,2,2,2,NA,3,2,4,8,5,5,3,18,6,2,4,4,NA,9,5,NA,NA,NA,NA,4,3,3,NA,3,4,5,5,2,3,2,5,2,2,3,13,6,7,NA,6,17,9,3,NA,4,NA,3,2,5,7,18,3,3
2016-02-29,2,9,4,4,6,5,10,2,2,3,4,12,NA,5,2,3,2,2,NA,2,4,4,4,6,2,3,2,11,3,8,5,11,4,NA,NA,3,2,4,9,3,2,5,NA,3,2,2,5,2,7,3,7,4,6,7,NA,3,5,2,2,2,NA,3,2,4,8,5,5,3,18,6,2,5,4,NA,9,4,NA,NA,NA,NA,4,3,3,NA,3,4,6,5,2,3,2,5,2,2,3,12,6,7,NA,6,17,9,3,NA,4,NA,3,2,5,7,18,3,3
2016-03-31,2,9,4,4,6,5,10,2,2,3,4,12,NA,5,2,4,2,2,NA,2,4,4,3,6,2,3,2,11,3,8,5,11,4,NA,NA,3,2,4,9,3,2,5,NA,3,2,2,6,2,7,3,7,4,6,7,NA,3,5,2,2,2,NA,3,2,4,8,5,6,2,18,6,2,5,4,NA,9,4,NA,NA,NA,NA,4,3,3,NA,3,5,6,5,2,3,2,5,2,2,3,12,6,7,NA,6,17,9,3,NA,4,NA,3,2,5,7,17,3,3
2016-04-29,2,9,4,4,6,5,10,2,2,3,4,12,NA,5,2,4,2,2,NA,2,4,4,3,6,2,3,2,11,3,8,5,11,4,NA,NA,3,2,4,9,3,2,5,2,3,2,2,6,2,7,3,7,4,6,7,NA,3,5,2,2,2,NA,3,2,3,8,5,6,2,18,5,2,5,4,NA,9,4,NA,NA,NA,NA,4,3,3,NA,3,5,6,5,2,3,2,5,2,2,3,12,6,7,2,6,17,9,3,NA,4,NA,3,2,5,7,17,3,3
2016-05-31,2,9,4,5,6,5,10,2,2,4,4,12,NA,5,2,4,2,2,NA,2,4,4,3,5,2,3,2,11,3,8,5,11,4,NA,NA,3,2,4,8,3,2,5,2,3,2,2,6,2,7,2,8,4,6,7,NA,3,5,2,2,2,NA,3,2,3,8,5,6,2,18,5,2,5,4,NA,9,5,NA,NA,NA,NA,4,3,3,NA,4,5,6,5,2,3,2,5,2,NA,3,12,6,7,2,6,17,9,3,NA,4,NA,3,2,5,7,17,3,3
2016-06-30,2,10,4,5,6,5,10,2,2,4,4,12,NA,4,2,3,2,2,NA,2,4,4,3,5,2,3,2,11,3,8,5,11,4,NA,NA,3,2,4,7,3,2,5,2,4,2,2,6,2,7,2,8,4,6,7,NA,4,5,2,2,2,NA,3,2,3,8,5,6,2,18,5,2,5,4,NA,9,5,NA,NA,NA,NA,4,3,3,NA,4,5,6,5,2,3,2,5,2,NA,3,12,6,7,2,6,17,9,3,NA,4,NA,3,2,5,7,17,3,3
2016-07-29,2,10,4,5,6,5,10,2,2,4,4,12,NA,4,2,3,2,2,NA,2,4,4,3,5,2,3,2,11,3,8,5,11,4,NA,NA,3,2,4,7,3,2,5,2,4,2,2,6,2,7,2,8,4,6,7,NA,4,5,2,2,2,NA,3,2,3,8,5,6,2,18,5,2,5,4,NA,9,5,NA,NA,NA,NA,4,3,3,NA,4,5,6,5,2,3,2,5,2,NA,3,12,6,7,2,6,17,9,3,NA,4,NA,3,2,5,7,17,3,3
2016-08-31,2,10,4,5,6,5,10,2,2,4,4,12,NA,4,2,3,2,2,NA,2,4,4,3,5,2,3,2,11,3,8,5,11,4,NA,NA,3,2,4,7,3,2,5,2,4,2,2,6,2,7,2,8,4,6,7,NA,4,5,2,2,2,NA,3,2,3,8,5,6,2,18,5,2,5,4,NA,9,5,NA,NA,NA,NA,4,3,3,NA,4,5,6,5,2,3,2,5,2,NA,3,12,6,7,2,6,17,9,3,NA,4,NA,3,2,5,7,17,3,3
2016-09-30,2,10,4,5,6,5,10,2,2,4,4,12,NA,4,2,3,2,2,NA,2,4,4,3,4,2,3,2,11,3,9,5,11,4,NA,NA,3,2,3,8,3,2,5,2,4,2,2,6,2,7,2,8,4,6,7,NA,4,5,2,2,2,NA,3,2,3,8,5,7,2,18,5,2,4,4,NA,9,5,NA,NA,NA,NA,4,3,3,NA,4,5,6,5,2,3,NA,5,2,NA,3,12,6,7,2,7,17,9,3,NA,4,NA,3,2,5,7,17,2,3
2016-10-31,2,10,4,5,6,5,10,2,2,4,4,12,NA,4,2,3,2,2,NA,2,4,4,3,4,2,3,2,11,3,9,5,11,4,NA,NA,3,2,3,8,3,2,5,2,4,2,2,6,2,7,2,8,4,6,7,NA,4,5,2,2,2,NA,3,2,3,8,5,7,2,18,5,2,4,4,NA,9,5,NA,NA,NA,NA,4,3,3,NA,4,5,6,5,2,3,NA,5,2,NA,3,12,6,7,2,7,17,9,3,NA,4,NA,3,2,5,7,17,2,3
2016-11-30,2,10,4,5,6,5,10,2,2,4,4,12,NA,4,2,3,2,2,NA,2,4,4,3,4,2,3,2,11,3,9,5,11,4,NA,NA,3,2,3,8,3,2,5,2,4,2,2,6,2,7,2,8,4,6,7,NA,4,5,2,2,2,NA,3,2,3,8,5,7,2,18,5,2,4,4,NA,9,5,NA,NA,NA,NA,4,3,3,NA,4,5,6,5,2,3,NA,5,2,NA,3,12,6,7,2,7,17,9,3,NA,4,NA,3,2,5,7,17,2,3
2016-12-30,2,10,4,5,6,5,10,2,2,4,4,12,NA,4,2,3,2,2,NA,2,4,4,4,4,2,3,2,11,3,9,5,11,4,NA,NA,3,2,3,8,3,2,5,2,4,2,2,6,2,8,2,8,4,6,7,NA,4,5,2,2,2,NA,3,2,3,8,5,7,2,18,5,2,4,4,NA,9,5,NA,NA,NA,NA,4,3,3,NA,4,5,6,5,2,3,NA,5,2,NA,3,12,6,7,2,7,17,9,3,NA,4,NA,3,2,5,7,17,2,3
2017-01-31,2,10,4,5,6,5,9,2,2,4,4,12,NA,4,2,3,2,2,NA,2,4,4,4,4,2,3,2,11,3,10,5,11,4,NA,NA,3,2,3,8,3,2,5,2,4,2,2,6,2,8,2,8,4,6,7,NA,4,5,2,2,2,NA,3,2,3,7,5,7,2,18,5,2,4,4,NA,9,4,NA,NA,NA,NA,4,3,3,NA,4,6,6,5,2,3,NA,5,2,NA,3,12,6,7,2,7,17,9,3,NA,4,NA,3,2,5,7,17,2,3
2017-02-28,2,10,4,5,6,5,9,2,2,4,4,12,NA,4,2,3,2,2,NA,2,4,4,4,4,2,3,2,11,3,10,5,11,4,NA,NA,3,2,3,8,3,2,5,2,4,2,2,6,2,8,2,8,4,6,7,NA,4,5,2,2,2,NA,3,2,3,7,5,7,2,18,5,2,4,4,NA,9,4,NA,NA,NA,NA,4,3,3,NA,4,6,6,5,2,3,NA,5,2,NA,3,12,6,7,2,7,17,9,3,NA,4,NA,3,2,5,7,17,2,3
2017-03-31,2,10,4,5,6,4,9,2,2,4,4,12,NA,4,2,4,2,2,NA,NA,5,4,4,4,2,3,NA,11,3,10,5,11,3,NA,NA,3,2,3,9,3,2,5,2,4,2,2,6,2,8,2,8,4,6,7,NA,4,5,2,2,2,NA,3,2,3,7,5,7,2,18,5,2,3,4,NA,9,4,NA,NA,NA,NA,4,3,3,NA,5,6,7,5,2,3,NA,5,2,NA,3,12,6,8,2,7,17,9,3,NA,4,NA,3,2,5,7,17,2,3
2017-04-28,2,10,4,5,6,4,9,2,2,4,4,12,NA,4,2,4,2,2,NA,NA,5,4,4,4,2,3,NA,11,3,10,5,11,3,NA,NA,3,2,3,9,3,2,5,2,4,2,2,6,2,8,2,8,4,6,7,NA,4,5,2,2,2,NA,3,2,3,7,5,7,2,17,5,2,3,4,NA,9,4,NA,NA,NA,NA,4,3,3,NA,5,6,7,5,2,3,NA,5,3,NA,3,12,6,8,2,7,17,9,3,NA,4,NA,3,2,5,7,17,2,3
2017-05-31,2,10,4,5,6,4,9,2,2,4,4,12,NA,4,2,4,2,2,NA,NA,5,4,4,4,2,3,NA,11,3,10,5,11,3,NA,NA,3,2,3,9,3,2,5,2,4,2,2,6,2,8,2,8,4,6,7,NA,4,5,2,2,2,NA,3,2,3,7,5,7,2,17,4,2,3,4,NA,9,4,NA,NA,NA,NA,4,3,3,NA,5,6,7,5,2,3,NA,5,3,NA,3,12,6,8,NA,7,17,9,3,NA,4,NA,3,2,5,7,17,2,3
2017-06-30,2,10,4,5,6,4,9,2,2,4,4,12,NA,4,2,4,NA,2,NA,NA,5,4,4,4,2,4,NA,11,3,10,5,11,3,NA,NA,3,2,3,9,3,2,5,2,4,2,2,6,2,8,2,8,4,6,7,NA,4,5,2,2,2,2,3,2,3,8,5,7,2,17,4,2,3,4,NA,8,4,NA,NA,NA,NA,4,3,3,NA,5,6,7,5,NA,3,NA,5,3,NA,3,12,6,8,NA,7,17,9,3,NA,4,NA,3,2,5,7,17,2,3
2017-07-31,2,10,4,5,6,4,9,2,2,4,4,12,NA,4,2,4,NA,2,NA,NA,5,4,4,4,2,4,NA,11,3,10,5,11,3,NA,NA,3,2,3,9,3,2,5,2,4,2,2,6,2,8,2,8,4,6,7,NA,4,5,2,2,2,2,3,2,3,8,5,7,2,17,4,2,3,4,NA,8,4,NA,NA,NA,NA,4,3,3,NA,5,6,7,5,NA,3,2,5,3,NA,3,12,6,8,NA,7,17,9,3,NA,4,NA,2,2,5,7,17,2,3
2017-08-31,2,10,4,5,6,4,9,NA,2,4,4,12,NA,4,2,4,NA,2,NA,NA,5,4,4,4,2,4,NA,11,3,10,5,11,3,NA,NA,3,2,3,9,3,2,5,2,4,2,2,6,2,8,2,8,4,6,7,NA,4,5,2,2,2,2,3,2,3,8,5,8,NA,16,4,2,3,4,NA,8,5,NA,NA,NA,NA,4,3,4,NA,5,6,7,5,NA,3,2,5,3,NA,3,12,6,8,NA,7,18,8,3,NA,4,NA,2,2,5,7,17,2,3
2017-09-29,2,10,4,5,6,4,9,NA,2,4,4,12,NA,4,2,4,NA,2,NA,NA,5,3,4,4,2,4,NA,11,3,11,5,11,3,NA,NA,3,2,3,9,3,2,5,2,4,NA,2,6,2,8,2,8,4,6,7,NA,4,5,2,2,2,2,3,2,3,8,5,8,NA,16,4,2,3,4,NA,8,5,NA,NA,NA,NA,4,3,4,NA,5,6,7,6,NA,3,2,5,3,NA,3,12,6,8,NA,7,18,8,3,NA,4,NA,2,2,5,7,17,2,3
2017-10-31,2,10,4,5,6,4,9,NA,2,4,4,12,NA,4,2,4,NA,2,NA,NA,5,3,4,4,2,4,NA,11,3,11,5,11,3,NA,NA,3,2,3,9,3,2,5,2,4,NA,2,6,2,8,2,8,4,6,7,NA,4,5,2,2,2,2,3,2,3,8,5,8,NA,16,4,2,3,4,NA,8,5,NA,NA,NA,NA,4,3,4,NA,5,6,7,6,NA,3,2,5,3,NA,3,12,7,8,NA,7,18,7,3,NA,4,NA,2,2,5,7,17,2,3
2017-11-30,2,10,4,5,6,4,9,NA,2,4,4,12,NA,4,2,4,NA,2,NA,NA,5,3,4,4,2,4,NA,11,3,11,5,11,3,NA,NA,3,2,3,9,3,2,5,2,4,NA,2,6,2,8,2,8,4,6,7,NA,4,5,2,2,2,2,3,2,3,8,5,8,NA,16,4,2,3,4,NA,8,5,NA,NA,NA,NA,4,3,4,NA,5,6,7,6,NA,3,2,5,3,NA,3,12,7,8,NA,7,18,7,3,NA,4,NA,2,2,5,7,17,2,3
2017-12-29,2,10,4,5,6,4,9,NA,2,4,4,12,NA,4,2,4,NA,2,NA,NA,5,3,4,4,2,4,NA,11,3,11,5,11,3,NA,NA,3,2,3,9,3,2,5,2,4,NA,2,6,2,8,2,8,4,6,7,NA,4,5,2,2,2,2,3,2,3,8,5,8,NA,16,4,2,3,4,NA,8,5,NA,NA,NA,NA,4,3,4,NA,5,6,7,6,NA,3,2,5,3,NA,3,12,7,8,NA,7,18,7,3,NA,3,NA,2,2,6,7,17,2,3
2018-01-31,2,11,4,5,6,4,9,NA,2,4,4,12,NA,4,2,4,NA,2,NA,NA,5,3,4,4,2,4,NA,11,3,11,5,11,3,NA,NA,3,2,3,9,3,2,5,2,4,NA,2,6,2,8,2,8,4,6,7,NA,4,5,2,2,2,2,3,2,3,7,5,8,NA,16,4,2,3,4,NA,8,5,NA,NA,NA,NA,4,3,4,NA,5,6,7,6,NA,3,2,5,3,NA,3,12,7,8,NA,7,18,7,3,NA,3,NA,2,2,6,7,17,2,3
2018-02-28,2,11,4,5,6,4,9,NA,2,4,4,12,NA,4,2,4,NA,2,NA,NA,5,3,4,4,2,4,NA,11,3,11,5,11,3,NA,NA,3,2,3,9,3,2,5,2,4,NA,2,6,2,8,2,8,4,6,7,NA,4,5,2,2,2,2,3,2,3,7,5,8,NA,16,4,2,3,4,NA,8,5,NA,NA,NA,NA,4,3,4,NA,5,6,7,6,NA,3,2,5,3,NA,3,12,7,8,NA,7,18,7,3,NA,3,NA,2,2,6,7,17,2,3
2018-03-29,2,11,4,5,6,4,9,NA,2,4,4,12,NA,4,2,4,NA,2,NA,NA,5,3,4,4,2,4,NA,11,3,11,5,11,3,NA,NA,3,2,3,8,3,2,5,2,4,NA,2,6,2,8,2,8,4,6,7,NA,4,5,2,2,2,2,3,2,3,7,5,8,NA,16,4,2,3,4,NA,8,5,NA,NA,NA,NA,4,3,4,NA,5,6,7,6,NA,3,2,5,3,NA,4,12,7,8,NA,7,18,7,3,NA,3,NA,2,2,6,7,17,2,3
2018-04-30,2,11,4,5,6,4,9,NA,2,4,4,13,NA,4,2,5,NA,2,NA,NA,5,3,4,4,2,4,NA,11,3,11,5,11,3,NA,NA,3,3,3,8,3,2,5,2,4,NA,2,6,2,8,2,8,4,6,7,NA,4,5,2,2,2,2,2,2,3,7,4,8,NA,16,4,2,3,4,NA,8,5,NA,NA,NA,NA,4,3,4,NA,5,6,7,6,NA,3,2,5,3,NA,4,12,7,8,NA,7,18,7,3,NA,3,NA,2,2,6,7,17,2,3
2018-05-31,2,11,4,5,6,4,9,NA,2,4,4,13,NA,4,2,5,NA,2,NA,NA,5,3,4,4,2,4,NA,11,3,11,5,11,3,NA,NA,3,3,3,8,3,2,6,2,4,NA,2,6,2,8,2,7,4,6,7,NA,4,5,2,2,2,2,2,2,3,7,4,8,NA,16,4,2,3,4,NA,8,5,NA,NA,NA,NA,4,3,4,NA,5,6,7,6,NA,3,2,5,3,NA,4,12,7,8,NA,7,18,7,3,NA,3,NA,2,2,6,7,17,2,3
2018-06-29,2,11,3,5,6,4,9,NA,2,4,4,13,NA,4,2,5,NA,2,NA,NA,5,3,4,4,2,4,NA,10,3,11,5,11,3,NA,NA,3,3,3,8,3,2,6,2,4,NA,2,6,2,8,2,8,4,6,7,NA,4,5,3,2,2,2,2,2,3,8,4,8,NA,15,4,2,3,5,NA,8,5,NA,NA,NA,NA,4,3,4,NA,5,6,7,6,NA,3,2,5,3,NA,4,12,7,8,NA,7,18,7,3,NA,3,NA,2,2,6,7,17,2,3
2018-07-31,2,11,3,5,6,4,9,NA,2,4,4,13,NA,4,2,5,NA,2,NA,NA,5,3,4,4,2,4,NA,10,3,11,5,11,3,NA,NA,3,3,3,8,3,2,6,2,4,NA,2,6,2,8,2,9,4,6,7,NA,4,5,3,2,2,2,2,NA,3,8,4,8,NA,15,4,2,3,5,NA,8,5,NA,NA,NA,NA,4,3,4,NA,5,6,7,6,NA,3,2,5,3,NA,4,12,7,8,NA,7,18,7,3,NA,3,NA,2,2,6,7,17,2,3
2018-08-31,2,11,3,5,6,4,9,NA,2,4,4,13,NA,3,2,5,NA,2,NA,NA,5,3,4,4,2,4,NA,10,3,11,5,11,3,NA,NA,3,3,3,8,3,2,6,2,4,NA,2,6,2,8,2,9,4,6,7,NA,4,5,3,2,2,2,2,NA,3,8,4,8,NA,15,4,2,3,5,NA,8,5,NA,NA,NA,NA,4,3,4,NA,5,6,7,6,NA,3,2,5,3,NA,4,12,7,8,2,7,18,7,3,NA,3,NA,2,2,6,7,17,2,3
2018-09-28,2,11,3,5,6,4,9,NA,2,4,4,13,NA,3,2,5,NA,2,NA,NA,5,3,4,5,2,4,NA,10,3,11,5,11,3,NA,NA,3,3,3,8,3,2,6,2,4,NA,2,6,2,8,2,9,4,6,7,NA,4,5,3,2,2,2,2,NA,3,8,4,8,NA,15,4,2,3,5,NA,8,5,NA,NA,NA,NA,4,3,4,NA,5,6,6,6,NA,3,2,5,3,NA,4,12,7,8,2,7,18,7,3,NA,3,NA,2,2,6,7,17,2,3
2018-10-31,2,11,3,5,6,4,9,NA,2,4,4,13,NA,3,2,5,NA,2,NA,NA,5,3,4,5,2,4,NA,10,3,11,5,11,3,NA,NA,3,3,3,8,3,2,6,2,4,NA,2,7,2,8,2,9,4,6,6,NA,4,5,3,2,2,2,2,NA,3,8,4,8,NA,15,4,2,3,4,NA,8,5,NA,2,NA,NA,4,3,4,NA,5,6,6,6,NA,3,2,5,3,NA,4,12,7,9,2,7,18,7,3,NA,3,NA,2,2,6,7,17,2,3
2018-11-30,2,11,3,5,6,4,9,NA,2,4,4,13,NA,3,2,5,NA,2,NA,NA,5,3,4,5,2,4,NA,10,3,11,5,11,3,NA,NA,3,3,3,8,3,2,6,2,4,NA,2,7,2,8,2,9,4,6,6,NA,4,5,3,2,2,2,2,NA,3,8,4,8,NA,15,4,2,3,4,NA,8,5,NA,2,NA,NA,4,3,4,NA,5,6,6,6,NA,3,2,5,4,NA,4,12,7,8,2,6,18,7,3,NA,3,NA,2,2,6,7,17,2,3
2018-12-31,2,10,3,5,6,4,9,NA,2,4,4,13,NA,3,2,5,NA,2,NA,NA,5,4,4,5,2,4,NA,10,3,11,5,11,3,NA,NA,3,3,3,8,3,2,6,2,4,NA,NA,7,2,8,2,10,4,6,6,NA,4,5,3,2,2,2,2,NA,3,8,4,8,NA,15,4,2,3,4,NA,9,5,NA,2,NA,NA,4,3,4,NA,5,6,6,6,NA,3,2,5,4,NA,4,13,7,8,2,6,18,7,3,NA,3,NA,2,2,6,7,17,2,2
2019-01-31,2,10,3,5,6,4,9,NA,2,4,4,13,NA,3,2,5,NA,2,NA,NA,5,4,4,5,2,4,NA,10,3,11,5,11,3,NA,NA,3,3,3,8,3,2,6,2,4,NA,NA,7,2,8,2,10,4,6,6,NA,4,5,3,2,2,2,2,NA,3,8,4,8,NA,15,4,2,3,4,NA,9,5,NA,2,NA,NA,4,3,4,NA,5,6,6,6,NA,3,2,5,4,NA,4,13,7,8,2,6,18,7,3,NA,3,NA,2,2,6,7,16,2,2
2019-02-28,2,10,3,5,6,4,9,NA,2,4,4,13,NA,3,2,5,NA,2,NA,NA,5,4,4,5,2,4,NA,10,3,11,5,11,3,NA,NA,3,3,3,8,3,2,6,2,4,NA,NA,7,2,8,2,11,4,7,6,NA,4,5,3,2,2,2,2,NA,3,8,4,9,NA,14,4,2,3,4,NA,9,5,NA,2,NA,NA,4,3,4,NA,5,6,6,6,NA,3,2,5,4,NA,4,13,7,8,3,6,18,7,3,NA,3,NA,2,2,6,7,16,3,2
2019-03-29,2,10,3,5,6,4,9,NA,2,3,4,13,NA,3,2,5,NA,2,NA,NA,5,4,4,5,2,4,NA,10,3,11,5,11,3,NA,NA,3,3,3,8,3,2,6,2,4,NA,NA,7,2,8,2,11,4,7,6,NA,4,5,3,2,2,2,2,NA,3,8,4,9,NA,14,5,2,3,4,NA,9,5,NA,2,NA,NA,5,3,4,NA,5,6,6,6,NA,3,2,5,4,NA,4,13,7,8,3,7,18,7,3,NA,3,NA,2,2,6,7,16,3,2
2019-04-30,2,10,3,5,6,4,9,NA,2,3,4,13,NA,3,2,5,NA,2,NA,NA,5,4,4,5,2,4,NA,10,3,11,5,11,3,NA,NA,3,3,3,8,3,2,6,2,4,NA,NA,7,2,8,2,11,4,7,6,NA,4,5,3,2,2,2,2,NA,3,8,4,9,NA,14,5,2,3,4,NA,9,5,NA,2,NA,NA,5,3,4,NA,5,6,6,6,NA,3,2,5,4,NA,4,13,7,8,3,7,18,7,3,NA,3,NA,2,2,6,7,16,3,2
2019-05-31,2,10,3,5,6,4,9,NA,2,3,4,13,NA,3,2,5,NA,2,NA,NA,5,4,4,5,2,4,NA,10,3,11,5,11,3,NA,NA,3,3,3,8,3,2,6,2,4,NA,NA,7,2,8,2,11,4,7,6,NA,4,5,3,2,2,2,2,NA,3,8,4,9,NA,14,5,2,3,4,NA,9,5,NA,2,NA,NA,5,3,4,NA,5,6,6,6,NA,3,2,5,4,NA,4,13,7,8,3,6,18,7,3,NA,3,NA,2,2,6,7,16,3,2
2019-06-28,2,10,3,5,6,4,9,NA,2,3,4,13,NA,3,2,5,NA,2,NA,NA,5,4,4,5,2,4,NA,10,3,11,5,11,3,NA,NA,3,3,2,8,3,2,6,2,4,NA,NA,7,2,8,2,11,4,6,6,NA,4,5,3,2,NA,2,2,NA,3,8,4,9,NA,14,5,2,3,4,NA,9,5,NA,2,NA,NA,5,3,4,NA,5,6,6,6,NA,3,2,5,4,NA,4,13,7,8,3,6,18,7,3,NA,3,NA,2,2,6,7,16,3,2
2019-07-31,2,9,3,5,6,4,9,NA,2,3,4,13,NA,3,2,5,NA,2,NA,NA,6,5,4,5,2,4,NA,10,3,11,5,11,3,NA,NA,3,3,2,8,3,2,6,2,4,NA,NA,7,2,8,2,11,4,6,6,NA,4,5,3,2,NA,2,2,NA,3,8,4,9,NA,14,5,2,3,4,NA,9,5,NA,2,NA,NA,5,3,4,NA,5,6,6,6,NA,3,2,5,4,NA,4,13,7,8,3,6,18,7,3,NA,3,NA,2,2,6,7,16,3,2
2019-08-30,2,9,3,5,6,4,9,NA,2,3,4,13,NA,3,2,5,2,2,NA,NA,6,5,4,5,2,4,NA,10,3,11,5,11,3,NA,NA,3,3,2,8,3,2,6,2,4,NA,NA,7,2,8,2,11,4,6,6,NA,4,5,3,2,NA,2,2,NA,3,8,4,9,NA,14,5,2,3,4,NA,9,5,NA,2,NA,NA,5,3,4,NA,5,6,6,6,NA,3,2,5,4,NA,4,13,6,8,3,6,18,7,3,NA,4,NA,2,2,6,7,16,3,2
2019-09-30,2,9,3,5,6,4,9,NA,2,3,4,13,NA,3,2,5,2,2,NA,NA,6,5,4,5,2,4,NA,9,3,11,5,11,3,NA,NA,3,3,2,8,3,2,6,NA,4,NA,NA,7,2,8,2,13,4,6,6,NA,4,5,3,2,NA,2,2,NA,3,8,4,9,NA,13,5,2,3,4,NA,9,6,NA,2,NA,NA,5,3,4,NA,5,6,6,6,NA,4,2,5,4,NA,4,13,6,8,3,6,19,7,3,NA,4,NA,2,2,6,7,16,3,2
2019-10-31,2,10,3,5,6,4,9,NA,2,3,4,14,NA,3,2,5,2,2,NA,NA,6,5,4,5,2,4,NA,9,3,11,5,11,3,NA,NA,3,3,2,8,3,2,6,NA,4,NA,NA,7,2,8,2,13,4,6,6,NA,4,5,3,2,NA,2,2,NA,3,8,4,9,NA,13,5,2,3,4,NA,9,6,NA,2,NA,NA,5,3,4,NA,5,6,6,6,NA,4,2,5,4,NA,4,13,6,8,3,6,19,7,3,NA,4,NA,2,2,6,7,16,3,2
2019-11-29,2,10,3,5,6,4,9,NA,2,3,4,14,NA,3,2,4,2,2,NA,NA,6,5,4,5,2,4,NA,9,3,11,5,11,3,NA,NA,3,3,3,8,3,2,6,NA,4,NA,NA,7,2,8,2,13,4,6,6,NA,4,5,3,2,NA,2,2,NA,3,8,4,9,NA,13,5,2,3,4,NA,9,5,NA,2,NA,NA,5,3,4,NA,5,6,6,6,NA,4,3,5,4,NA,4,13,6,9,3,6,19,7,3,NA,4,NA,2,2,6,7,16,3,2
2019-12-31,2,10,3,5,6,4,8,NA,2,3,4,13,NA,3,2,4,2,2,NA,NA,6,5,5,5,2,4,NA,9,3,11,5,10,3,NA,NA,3,3,3,8,3,2,6,NA,4,NA,NA,7,2,8,2,13,4,6,7,NA,4,5,3,2,NA,2,2,NA,3,8,4,10,NA,13,5,2,3,4,NA,9,5,NA,2,NA,NA,5,3,4,NA,5,6,5,6,NA,4,3,5,4,NA,4,13,7,9,3,6,19,7,3,NA,4,NA,2,2,5,7,16,3,2
2020-01-31,2,10,3,5,6,4,8,NA,2,3,4,13,NA,3,2,4,2,2,NA,NA,6,5,5,5,2,4,NA,9,3,11,5,10,3,NA,NA,3,3,3,8,3,2,6,NA,4,NA,NA,7,2,8,2,13,4,6,7,NA,4,5,3,2,NA,2,2,NA,3,8,4,10,NA,13,5,2,3,4,NA,9,5,NA,2,NA,NA,5,3,4,NA,5,6,5,6,NA,4,3,5,4,NA,4,13,7,9,3,6,19,7,3,NA,4,NA,2,2,5,7,16,3,2
2020-02-28,2,10,4,5,6,4,8,NA,2,3,4,13,NA,3,2,4,2,2,NA,NA,6,5,5,5,2,4,NA,9,3,11,5,10,3,NA,NA,3,3,3,8,3,2,6,NA,4,NA,NA,7,2,8,2,13,4,6,7,NA,4,5,3,2,NA,2,2,NA,3,8,4,10,NA,13,5,2,3,4,NA,9,5,NA,2,NA,NA,5,3,4,NA,5,6,5,6,NA,4,3,5,4,NA,4,13,7,9,3,6,19,7,3,NA,4,NA,2,2,5,7,16,3,2
2020-03-31,2,10,4,5,6,4,8,NA,2,3,4,13,NA,3,2,4,2,2,NA,NA,6,5,5,5,2,4,NA,9,3,11,5,10,3,NA,NA,3,3,3,8,3,2,6,NA,4,NA,NA,6,2,8,2,13,4,6,7,NA,4,5,3,2,NA,2,2,NA,3,8,4,10,NA,12,5,2,3,4,NA,9,5,NA,2,NA,NA,5,3,4,NA,5,6,5,6,NA,4,3,5,4,NA,4,13,8,9,3,7,20,7,3,NA,4,NA,2,2,5,7,16,3,2
2020-04-30,2,10,4,5,6,4,8,NA,2,3,4,13,NA,3,2,4,2,2,NA,NA,6,5,5,5,2,4,NA,9,3,11,5,10,3,NA,NA,3,3,3,8,3,2,6,NA,4,NA,NA,6,2,8,2,13,4,6,7,NA,4,5,3,2,NA,2,2,NA,3,8,4,10,NA,12,5,2,3,4,NA,9,5,NA,2,NA,NA,5,3,4,NA,5,6,5,6,NA,4,3,5,4,NA,4,13,8,9,3,7,20,7,3,NA,4,NA,2,2,5,7,16,3,2
2020-05-29,2,9,4,5,5,4,8,NA,2,3,4,13,NA,3,2,4,2,2,NA,NA,6,5,5,5,2,4,NA,9,2,12,5,9,3,NA,NA,3,3,3,8,3,2,6,NA,4,NA,NA,6,2,8,2,13,4,6,7,NA,4,5,3,2,NA,2,2,NA,3,8,4,10,NA,12,5,2,3,4,NA,9,5,NA,2,NA,NA,5,3,4,NA,5,6,5,6,NA,4,3,6,4,NA,4,13,8,9,3,7,20,7,3,NA,4,NA,2,2,5,7,16,3,2
2020-06-30,2,9,4,5,5,4,8,NA,2,3,4,13,NA,3,2,4,2,2,NA,NA,6,5,5,5,2,4,NA,8,NA,12,5,9,3,NA,NA,3,3,3,8,3,2,6,NA,4,NA,NA,6,2,8,2,13,4,6,7,NA,4,5,3,2,NA,2,2,NA,3,9,4,11,NA,12,5,2,3,4,NA,9,5,NA,2,NA,NA,5,3,4,NA,5,6,5,6,NA,4,3,6,5,NA,4,13,9,9,3,7,20,7,3,NA,4,NA,2,2,5,7,16,3,2
2020-07-31,2,9,4,5,5,4,8,NA,2,3,4,13,NA,3,2,4,2,2,NA,NA,6,5,5,5,2,4,NA,8,NA,12,5,9,3,NA,NA,3,3,3,8,3,2,6,NA,4,NA,NA,6,2,8,2,13,4,6,7,NA,4,5,3,2,NA,2,2,NA,3,9,4,11,NA,12,5,2,3,4,NA,9,5,NA,2,NA,NA,5,3,4,NA,5,6,5,6,NA,4,3,6,5,NA,4,13,9,9,3,7,20,7,3,NA,4,NA,2,2,5,7,16,3,2
2020-08-31,2,9,4,5,5,4,8,NA,2,3,4,13,NA,3,2,4,2,2,NA,NA,6,5,5,5,2,4,NA,8,NA,12,5,9,3,NA,NA,3,3,3,8,3,2,6,NA,4,NA,NA,6,2,8,2,13,4,6,7,NA,4,5,3,2,NA,2,2,NA,3,9,4,11,NA,12,5,2,3,4,NA,9,5,NA,2,NA,NA,5,3,4,NA,5,6,5,6,NA,4,3,6,5,NA,4,13,9,9,3,7,20,7,3,NA,4,NA,2,2,5,7,16,3,2
2020-09-30,2,9,4,5,5,4,8,NA,2,3,4,13,NA,3,2,4,2,2,NA,NA,6,5,5,5,2,4,NA,8,NA,12,5,9,3,NA,NA,3,3,3,8,3,2,6,NA,4,NA,NA,6,2,8,2,13,4,6,7,NA,4,5,3,2,NA,2,2,NA,3,9,4,11,NA,12,5,2,3,4,NA,9,5,NA,2,NA,NA,5,3,4,NA,5,6,5,6,NA,4,3,6,5,NA,4,13,9,9,3,7,20,7,3,NA,4,NA,2,2,5,7,16,3,2
2020-10-30,2,9,4,5,5,4,8,NA,2,3,4,13,NA,3,2,4,2,2,NA,NA,6,5,5,5,2,4,NA,8,NA,12,5,9,3,NA,NA,3,3,3,8,3,2,6,NA,4,NA,NA,6,2,8,2,13,4,6,7,NA,4,5,3,2,NA,2,2,NA,3,9,4,11,NA,12,5,2,3,4,NA,9,5,NA,2,NA,NA,5,3,4,NA,5,6,5,6,NA,4,3,6,5,NA,4,13,9,9,3,7,20,7,3,NA,4,NA,2,2,5,7,16,3,2
2020-11-30,2,9,4,5,5,4,8,NA,2,3,4,13,NA,3,2,4,2,2,NA,NA,6,5,5,5,2,4,NA,8,NA,12,5,9,3,NA,NA,3,3,3,8,3,2,6,NA,4,NA,NA,6,2,8,2,13,4,6,7,NA,4,5,3,2,NA,2,2,NA,3,9,4,11,NA,12,5,2,3,4,NA,9,5,NA,2,NA,NA,5,3,4,NA,5,6,5,6,NA,4,3,6,5,NA,4,13,9,9,3,7,20,7,3,NA,4,NA,2,2,5,7,16,3,2
2020-12-31,2,9,4,5,5,4,8,NA,2,3,4,13,NA,3,2,4,2,2,NA,NA,6,5,5,5,2,4,NA,8,NA,12,5,9,3,NA,NA,3,3,3,8,3,2,6,NA,4,NA,NA,6,2,8,2,13,4,6,7,NA,4,5,3,2,NA,2,2,NA,3,9,4,11,NA,12,5,2,3,4,NA,9,5,NA,2,NA,NA,5,3,4,NA,5,6,5,6,NA,4,3,6,5,NA,4,13,9,9,3,7,20,7,3,NA,4,NA,2,2,5,7,16,3,2
2021-01-29,2,9,4,5,5,4,8,NA,2,3,4,13,NA,3,2,4,2,2,NA,NA,6,5,5,5,2,4,NA,8,NA,12,5,9,3,NA,NA,3,3,3,8,3,2,6,NA,4,NA,NA,6,2,8,2,13,4,6,7,NA,4,5,3,2,NA,2,2,NA,3,9,4,11,NA,12,5,2,3,4,NA,9,5,NA,2,NA,NA,5,3,4,NA,5,6,5,6,NA,4,3,6,5,NA,4,13,9,9,3,7,20,7,3,NA,4,NA,2,2,5,7,16,3,2
